<?xml version="1.0" encoding="UTF-8"?>
<graph xmlns="http://www.xces.org/ns/GrAF/1.0/">
    <header>
        <tagsDecl>
            <tagUsage gi="s" occurs="54"/>
        </tagsDecl>
        <annotationSets>
            <annotationSet name="xces" type="http://www.xces.org/schema/2003"/>
        </annotationSets>
    </header>
    <region xml:id="wn_r0" anchors="0 191"/>
    <region xml:id="wn_r1" anchors="193 684"/>
    <region xml:id="wn_r2" anchors="686 763"/>
    <region xml:id="wn_r3" anchors="765 1080"/>
    <region xml:id="wn_r4" anchors="1082 1103"/>
    <region xml:id="wn_r5" anchors="1105 1192"/>
    <region xml:id="wn_r6" anchors="1194 1369"/>
    <region xml:id="wn_r7" anchors="1371 1606"/>
    <region xml:id="wn_r8" anchors="1608 1775"/>
    <region xml:id="wn_r9" anchors="1777 1967"/>
    <region xml:id="wn_r10" anchors="1969 2140"/>
    <region xml:id="wn_r11" anchors="2142 2276"/>
    <region xml:id="wn_r12" anchors="2278 2662"/>
    <region xml:id="wn_r13" anchors="2664 2818"/>
    <region xml:id="wn_r14" anchors="2820 2901"/>
    <region xml:id="wn_r15" anchors="2903 3038"/>
    <region xml:id="wn_r16" anchors="3040 3384"/>
    <region xml:id="wn_r17" anchors="3386 3487"/>
    <region xml:id="wn_r18" anchors="3489 3606"/>
    <region xml:id="wn_r19" anchors="3608 3776"/>
    <region xml:id="wn_r20" anchors="3778 3863"/>
    <region xml:id="wn_r21" anchors="3865 3923"/>
    <region xml:id="wn_r22" anchors="3925 4227"/>
    <region xml:id="wn_r23" anchors="4229 4340"/>
    <region xml:id="wn_r24" anchors="4342 4512"/>
    <region xml:id="wn_r25" anchors="4514 4613"/>
    <region xml:id="wn_r26" anchors="4615 4909"/>
    <region xml:id="wn_r27" anchors="4911 4974"/>
    <region xml:id="wn_r28" anchors="4976 5229"/>
    <region xml:id="wn_r29" anchors="5231 5519"/>
    <region xml:id="wn_r30" anchors="5521 5679"/>
    <region xml:id="wn_r31" anchors="5681 5778"/>
    <region xml:id="wn_r32" anchors="5780 5904"/>
    <region xml:id="wn_r33" anchors="5906 5996"/>
    <region xml:id="wn_r34" anchors="5998 6091"/>
    <region xml:id="wn_r35" anchors="6093 6175"/>
    <region xml:id="wn_r36" anchors="6177 6314"/>
    <region xml:id="wn_r37" anchors="6316 6451"/>
    <region xml:id="wn_r38" anchors="6453 6607"/>
    <region xml:id="wn_r39" anchors="6609 6937"/>
    <region xml:id="wn_r40" anchors="6939 7145"/>
    <region xml:id="wn_r41" anchors="7147 7265"/>
    <region xml:id="wn_r42" anchors="7267 7410"/>
    <region xml:id="wn_r43" anchors="7412 7612"/>
    <region xml:id="wn_r44" anchors="7614 7758"/>
    <region xml:id="wn_r45" anchors="7760 7833"/>
    <region xml:id="wn_r46" anchors="7835 7942"/>
    <region xml:id="wn_r47" anchors="7944 8025"/>
    <region xml:id="wn_r48" anchors="8027 8130"/>
    <region xml:id="wn_r49" anchors="8132 8229"/>
    <region xml:id="wn_r50" anchors="8231 8372"/>
    <region xml:id="wn_r51" anchors="8374 8509"/>
    <region xml:id="wn_r52" anchors="8511 8542"/>
    <region xml:id="wn_r53" anchors="8544 8634"/>
    <node xml:id="wn_n0">
        <link targets="wn_r0"/>
    </node>
    <a label="s" ref="wn_n0">
        <fs>
            <f name="path" value="oanc/data/spoken/face-to-face/charlotte/PhillipsJason.anc"/>
            <f name="orig-start" value="3317"/>
            <f name="orig-end" value="3508"/>
        </fs>
    </a>
    <node xml:id="wn_n1">
        <link targets="wn_r1"/>
    </node>
    <a label="s" ref="wn_n1">
        <fs>
            <f name="path" value="oanc/data/written_2/technical/biomed/1471-2229-2-8.anc"/>
            <f name="orig-start" value="830"/>
            <f name="orig-end" value="1385"/>
        </fs>
    </a>
    <node xml:id="wn_n10">
        <link targets="wn_r10"/>
    </node>
    <a label="s" ref="wn_n10">
        <fs>
            <f name="path" value="oanc/data/written_1/journal/verbatim/VOL21_2.anc"/>
            <f name="orig-start" value="94682"/>
            <f name="orig-end" value="94853"/>
        </fs>
    </a>
    <node xml:id="wn_n11">
        <link targets="wn_r11"/>
    </node>
    <a label="s" ref="wn_n11">
        <fs>
            <f name="path" value="oanc/data/written_2/travel_guides/berlitz1/WhereToIstanbul.anc"/>
            <f name="orig-start" value="14212"/>
            <f name="orig-end" value="14362"/>
        </fs>
    </a>
    <node xml:id="wn_n12">
        <link targets="wn_r12"/>
    </node>
    <a label="s" ref="wn_n12">
        <fs>
            <f name="path" value="oanc/data/written_1/journal/slate/54/ArticleIP_67328.anc"/>
            <f name="orig-start" value="3039"/>
            <f name="orig-end" value="3423"/>
        </fs>
    </a>
    <node xml:id="wn_n13">
        <link targets="wn_r13"/>
    </node>
    <a label="s" ref="wn_n13">
        <fs>
            <f name="path" value="oanc/data/written_2/travel_guides/berlitz1/WhereToIndia.anc"/>
            <f name="orig-start" value="3869"/>
            <f name="orig-end" value="4039"/>
        </fs>
    </a>
    <node xml:id="wn_n14">
        <link targets="wn_r14"/>
    </node>
    <a label="s" ref="wn_n14">
        <fs>
            <f name="path" value="oanc/data/written_1/journal/slate/41/ArticleIP_3056.anc"/>
            <f name="orig-start" value="3973"/>
            <f name="orig-end" value="4054"/>
        </fs>
    </a>
    <node xml:id="wn_n15">
        <link targets="wn_r15"/>
    </node>
    <a label="s" ref="wn_n15">
        <fs>
            <f name="path" value="oanc/data/written_1/journal/slate/23/ArticleIP_1192.anc"/>
            <f name="orig-start" value="5667"/>
            <f name="orig-end" value="5802"/>
        </fs>
    </a>
    <node xml:id="wn_n16">
        <link targets="wn_r16"/>
    </node>
    <a label="s" ref="wn_n16">
        <fs>
            <f name="path" value="oanc/data/written_1/journal/verbatim/VOL23_4.anc"/>
            <f name="orig-start" value="63749"/>
            <f name="orig-end" value="64093"/>
        </fs>
    </a>
    <node xml:id="wn_n17">
        <link targets="wn_r17"/>
    </node>
    <a label="s" ref="wn_n17">
        <fs>
            <f name="path" value="oanc/data/written_1/journal/slate/15/Article247_3827.anc"/>
            <f name="orig-start" value="3481"/>
            <f name="orig-end" value="3582"/>
        </fs>
    </a>
    <node xml:id="wn_n18">
        <link targets="wn_r18"/>
    </node>
    <a label="s" ref="wn_n18">
        <fs>
            <f name="path" value="oanc/data/spoken/telephone/switchboard/28/sw2808-ms98-a-trans.anc"/>
            <f name="orig-start" value="4101"/>
            <f name="orig-end" value="4218"/>
        </fs>
    </a>
    <node xml:id="wn_n19">
        <link targets="wn_r19"/>
    </node>
    <a label="s" ref="wn_n19">
        <fs>
            <f name="path" value="oanc/data/written_2/travel_guides/berlitz1/WhereToHongKong.anc"/>
            <f name="orig-start" value="43991"/>
            <f name="orig-end" value="44175"/>
        </fs>
    </a>
    <node xml:id="wn_n2">
        <link targets="wn_r2"/>
    </node>
    <a label="s" ref="wn_n2">
        <fs>
            <f name="path" value="oanc/data/spoken/face-to-face/charlotte/YoussefJoseph.anc"/>
            <f name="orig-start" value="1777"/>
            <f name="orig-end" value="1854"/>
        </fs>
    </a>
    <node xml:id="wn_n20">
        <link targets="wn_r20"/>
    </node>
    <a label="s" ref="wn_n20">
        <fs>
            <f name="path" value="oanc/data/spoken/telephone/switchboard/30/sw3013-ms98-a-trans.anc"/>
            <f name="orig-start" value="6421"/>
            <f name="orig-end" value="6506"/>
        </fs>
    </a>
    <node xml:id="wn_n21">
        <link targets="wn_r21"/>
    </node>
    <a label="s" ref="wn_n21">
        <fs>
            <f name="path" value="oanc/data/written_1/journal/slate/40/ArticleIP_2941.anc"/>
            <f name="orig-start" value="8120"/>
            <f name="orig-end" value="8178"/>
        </fs>
    </a>
    <node xml:id="wn_n22">
        <link targets="wn_r22"/>
    </node>
    <a label="s" ref="wn_n22">
        <fs>
            <f name="path" value="oanc/data/written_2/non-fiction/OUP/Kauffman/ch3.anc"/>
            <f name="orig-start" value="19627"/>
            <f name="orig-end" value="19929"/>
        </fs>
    </a>
    <node xml:id="wn_n23">
        <link targets="wn_r23"/>
    </node>
    <a label="s" ref="wn_n23">
        <fs>
            <f name="path" value="oanc/data/spoken/face-to-face/charlotte/WenlyRichard.anc"/>
            <f name="orig-start" value="14360"/>
            <f name="orig-end" value="14471"/>
        </fs>
    </a>
    <node xml:id="wn_n24">
        <link targets="wn_r24"/>
    </node>
    <a label="s" ref="wn_n24">
        <fs>
            <f name="path" value="oanc/data/written_2/travel_guides/berlitz1/WhereToMalaysia.anc"/>
            <f name="orig-start" value="7536"/>
            <f name="orig-end" value="7722"/>
        </fs>
    </a>
    <node xml:id="wn_n25">
        <link targets="wn_r25"/>
    </node>
    <a label="s" ref="wn_n25">
        <fs>
            <f name="path" value="oanc/data/spoken/telephone/switchboard/28/sw2855-ms98-a-trans.anc"/>
            <f name="orig-start" value="13580"/>
            <f name="orig-end" value="13702"/>
        </fs>
    </a>
    <node xml:id="wn_n26">
        <link targets="wn_r26"/>
    </node>
    <a label="s" ref="wn_n26">
        <fs>
            <f name="path" value="oanc/data/written_1/journal/slate/46/ArticleIP_3847.anc"/>
            <f name="orig-start" value="4256"/>
            <f name="orig-end" value="4550"/>
        </fs>
    </a>
    <node xml:id="wn_n27">
        <link targets="wn_r27"/>
    </node>
    <a label="s" ref="wn_n27">
        <fs>
            <f name="path" value="oanc/data/written_1/journal/slate/30/ArticleIP_1834.anc"/>
            <f name="orig-start" value="1072"/>
            <f name="orig-end" value="1135"/>
        </fs>
    </a>
    <node xml:id="wn_n28">
        <link targets="wn_r28"/>
    </node>
    <a label="s" ref="wn_n28">
        <fs>
            <f name="path" value="oanc/data/written_2/travel_guides/berlitz1/WhereToItaly.anc"/>
            <f name="orig-start" value="255510"/>
            <f name="orig-end" value="255795"/>
        </fs>
    </a>
    <node xml:id="wn_n29">
        <link targets="wn_r29"/>
    </node>
    <a label="s" ref="wn_n29">
        <fs>
            <f name="path" value="oanc/data/written_1/journal/slate/43/ArticleIP_3218.anc"/>
            <f name="orig-start" value="6291"/>
            <f name="orig-end" value="6579"/>
        </fs>
    </a>
    <node xml:id="wn_n3">
        <link targets="wn_r3"/>
    </node>
    <a label="s" ref="wn_n3">
        <fs>
            <f name="path" value="oanc/data/written_2/travel_guides/berlitz1/WhereToItaly.anc"/>
            <f name="orig-start" value="51582"/>
            <f name="orig-end" value="51929"/>
        </fs>
    </a>
    <node xml:id="wn_n30">
        <link targets="wn_r30"/>
    </node>
    <a label="s" ref="wn_n30">
        <fs>
            <f name="path" value="oanc/data/written_2/travel_guides/berlitz1/WhereToItaly.anc"/>
            <f name="orig-start" value="80126"/>
            <f name="orig-end" value="80308"/>
        </fs>
    </a>
    <node xml:id="wn_n31">
        <link targets="wn_r31"/>
    </node>
    <a label="s" ref="wn_n31">
        <fs>
            <f name="path" value="oanc/data/written_1/journal/slate/38/ArticleIP_2680.anc"/>
            <f name="orig-start" value="2926"/>
            <f name="orig-end" value="3023"/>
        </fs>
    </a>
    <node xml:id="wn_n32">
        <link targets="wn_r32"/>
    </node>
    <a label="s" ref="wn_n32">
        <fs>
            <f name="path" value="oanc/data/written_1/journal/slate/46/ArticleIP_3883.anc"/>
            <f name="orig-start" value="5204"/>
            <f name="orig-end" value="5328"/>
        </fs>
    </a>
    <node xml:id="wn_n33">
        <link targets="wn_r33"/>
    </node>
    <a label="s" ref="wn_n33">
        <fs>
            <f name="path" value="oanc/data/written_1/journal/slate/50/ArticleIP_28462.anc"/>
            <f name="orig-start" value="2875"/>
            <f name="orig-end" value="2965"/>
        </fs>
    </a>
    <node xml:id="wn_n34">
        <link targets="wn_r34"/>
    </node>
    <a label="s" ref="wn_n34">
        <fs>
            <f name="path" value="oanc/data/written_1/journal/slate/50/ArticleIP_28629.anc"/>
            <f name="orig-start" value="4240"/>
            <f name="orig-end" value="4333"/>
        </fs>
    </a>
    <node xml:id="wn_n35">
        <link targets="wn_r35"/>
    </node>
    <a label="s" ref="wn_n35">
        <fs>
            <f name="path" value="oanc/data/written_1/journal/slate/50/ArticleIP_28168.anc"/>
            <f name="orig-start" value="6947"/>
            <f name="orig-end" value="7029"/>
        </fs>
    </a>
    <node xml:id="wn_n36">
        <link targets="wn_r36"/>
    </node>
    <a label="s" ref="wn_n36">
        <fs>
            <f name="path" value="oanc/data/written_2/non-fiction/OUP/Kauffman/ch3.anc"/>
            <f name="orig-start" value="19389"/>
            <f name="orig-end" value="19526"/>
        </fs>
    </a>
    <node xml:id="wn_n37">
        <link targets="wn_r37"/>
    </node>
    <a label="s" ref="wn_n37">
        <fs>
            <f name="path" value="oanc/data/written_1/journal/slate/51/ArticleIP_34116.anc"/>
            <f name="orig-start" value="3931"/>
            <f name="orig-end" value="4066"/>
        </fs>
    </a>
    <node xml:id="wn_n38">
        <link targets="wn_r38"/>
    </node>
    <a label="s" ref="wn_n38">
        <fs>
            <f name="path" value="oanc/data/written_2/non-fiction/OUP/Kauffman/ch3.anc"/>
            <f name="orig-start" value="23201"/>
            <f name="orig-end" value="23355"/>
        </fs>
    </a>
    <node xml:id="wn_n39">
        <link targets="wn_r39"/>
    </node>
    <a label="s" ref="wn_n39">
        <fs>
            <f name="path" value="oanc/data/spoken/face-to-face/charlotte/McCloskeyKevin.anc"/>
            <f name="orig-start" value="9625"/>
            <f name="orig-end" value="9953"/>
        </fs>
    </a>
    <node xml:id="wn_n4">
        <link targets="wn_r4"/>
    </node>
    <a label="s" ref="wn_n4">
        <fs>
            <f name="path" value="oanc/data/spoken/telephone/switchboard/36/sw3689-ms98-a-trans.anc"/>
            <f name="orig-start" value="3636"/>
            <f name="orig-end" value="3657"/>
        </fs>
    </a>
    <node xml:id="wn_n40">
        <link targets="wn_r40"/>
    </node>
    <a label="s" ref="wn_n40">
        <fs>
            <f name="path" value="oanc/data/written_2/travel_guides/berlitz1/WhereToItaly.anc"/>
            <f name="orig-start" value="52298"/>
            <f name="orig-end" value="52528"/>
        </fs>
    </a>
    <node xml:id="wn_n41">
        <link targets="wn_r41"/>
    </node>
    <a label="s" ref="wn_n41">
        <fs>
            <f name="path" value="oanc/data/spoken/telephone/switchboard/29/sw2979-ms98-a-trans.anc"/>
            <f name="orig-start" value="6196"/>
            <f name="orig-end" value="6314"/>
        </fs>
    </a>
    <node xml:id="wn_n42">
        <link targets="wn_r42"/>
    </node>
    <a label="s" ref="wn_n42">
        <fs>
            <f name="path" value="oanc/data/written_1/journal/slate/30/ArticleIP_1823.anc"/>
            <f name="orig-start" value="594"/>
            <f name="orig-end" value="737"/>
        </fs>
    </a>
    <node xml:id="wn_n43">
        <link targets="wn_r43"/>
    </node>
    <a label="s" ref="wn_n43">
        <fs>
            <f name="path" value="oanc/data/written_2/non-fiction/OUP/Kauffman/ch3.anc"/>
            <f name="orig-start" value="18684"/>
            <f name="orig-end" value="18884"/>
        </fs>
    </a>
    <node xml:id="wn_n44">
        <link targets="wn_r44"/>
    </node>
    <a label="s" ref="wn_n44">
        <fs>
            <f name="path" value="oanc/data/spoken/telephone/switchboard/23/sw2330-ms98-a-trans.anc"/>
            <f name="orig-start" value="1077"/>
            <f name="orig-end" value="1221"/>
        </fs>
    </a>
    <node xml:id="wn_n45">
        <link targets="wn_r45"/>
    </node>
    <a label="s" ref="wn_n45">
        <fs>
            <f name="path" value="oanc/data/written_2/travel_guides/berlitz2/China-WhereToGo.anc"/>
            <f name="orig-start" value="60203"/>
            <f name="orig-end" value="60276"/>
        </fs>
    </a>
    <node xml:id="wn_n46">
        <link targets="wn_r46"/>
    </node>
    <a label="s" ref="wn_n46">
        <fs>
            <f name="path" value="oanc/data/written_1/journal/slate/43/ArticleIP_3231.anc"/>
            <f name="orig-start" value="5483"/>
            <f name="orig-end" value="5590"/>
        </fs>
    </a>
    <node xml:id="wn_n47">
        <link targets="wn_r47"/>
    </node>
    <a label="s" ref="wn_n47">
        <fs>
            <f name="path" value="oanc/data/written_2/travel_guides/berlitz2/China-WhereToGo.anc"/>
            <f name="orig-start" value="42682"/>
            <f name="orig-end" value="42763"/>
        </fs>
    </a>
    <node xml:id="wn_n48">
        <link targets="wn_r48"/>
    </node>
    <a label="s" ref="wn_n48">
        <fs>
            <f name="path" value="oanc/data/written_1/journal/slate/35/ArticleIP_2325.anc"/>
            <f name="orig-start" value="3168"/>
            <f name="orig-end" value="3271"/>
        </fs>
    </a>
    <node xml:id="wn_n49">
        <link targets="wn_r49"/>
    </node>
    <a label="s" ref="wn_n49">
        <fs>
            <f name="path" value="oanc/data/written_1/journal/slate/38/ArticleIP_2680.anc"/>
            <f name="orig-start" value="2926"/>
            <f name="orig-end" value="3023"/>
        </fs>
    </a>
    <node xml:id="wn_n5">
        <link targets="wn_r5"/>
    </node>
    <a label="s" ref="wn_n5">
        <fs>
            <f name="path" value="oanc/data/written_1/journal/slate/23/ArticleIP_1187.anc"/>
            <f name="orig-start" value="3415"/>
            <f name="orig-end" value="3502"/>
        </fs>
    </a>
    <node xml:id="wn_n50">
        <link targets="wn_r50"/>
    </node>
    <a label="s" ref="wn_n50">
        <fs>
            <f name="path" value="oanc/data/written_1/journal/slate/51/ArticleIP_34505.anc"/>
            <f name="orig-start" value="630"/>
            <f name="orig-end" value="771"/>
        </fs>
    </a>
    <node xml:id="wn_n51">
        <link targets="wn_r51"/>
    </node>
    <a label="s" ref="wn_n51">
        <fs>
            <f name="path" value="oanc/data/written_1/journal/slate/23/ArticleIP_1191.anc"/>
            <f name="orig-start" value="2970"/>
            <f name="orig-end" value="3105"/>
        </fs>
    </a>
    <node xml:id="wn_n52">
        <link targets="wn_r52"/>
    </node>
    <a label="s" ref="wn_n52">
        <fs>
            <f name="path" value="oanc/data/written_1/journal/slate/30/ArticleIP_1834.anc"/>
            <f name="orig-start" value="2375"/>
            <f name="orig-end" value="2406"/>
        </fs>
    </a>
    <node xml:id="wn_n53">
        <link targets="wn_r53"/>
    </node>
    <a label="s" ref="wn_n53">
        <fs>
            <f name="path" value="oanc/data/written_1/journal/slate/43/ArticleIP_3268.anc"/>
            <f name="orig-start" value="1950"/>
            <f name="orig-end" value="2040"/>
        </fs>
    </a>
    <node xml:id="wn_n6">
        <link targets="wn_r6"/>
    </node>
    <a label="s" ref="wn_n6">
        <fs>
            <f name="path" value="oanc/data/written_2/non-fiction/OUP/Castro/chB.anc"/>
            <f name="orig-start" value="17163"/>
            <f name="orig-end" value="17338"/>
        </fs>
    </a>
    <node xml:id="wn_n7">
        <link targets="wn_r7"/>
    </node>
    <a label="s" ref="wn_n7">
        <fs>
            <f name="path" value="oanc/data/spoken/face-to-face/charlotte/NesbittFrank.anc"/>
            <f name="orig-start" value="2613"/>
            <f name="orig-end" value="2848"/>
        </fs>
    </a>
    <node xml:id="wn_n8">
        <link targets="wn_r8"/>
    </node>
    <a label="s" ref="wn_n8">
        <fs>
            <f name="path" value="oanc/data/written_2/travel_guides/berlitz1/WhereToItaly.anc"/>
            <f name="orig-start" value="233458"/>
            <f name="orig-end" value="233649"/>
        </fs>
    </a>
    <node xml:id="wn_n9">
        <link targets="wn_r9"/>
    </node>
    <a label="s" ref="wn_n9">
        <fs>
            <f name="path" value="oanc/data/written_2/travel_guides/berlitz1/WhereToMadeira.anc"/>
            <f name="orig-start" value="21067"/>
            <f name="orig-end" value="21273"/>
        </fs>
    </a>
</graph>
