<?xml version="1.0" encoding="UTF-8"?>
<graph xmlns="http://www.xces.org/ns/GrAF/1.0/">
    <header>
        <tagsDecl>
            <tagUsage gi="s" occurs="91"/>
        </tagsDecl>
        <annotationSets>
            <annotationSet name="xces" type="http://www.xces.org/schema/2003"/>
        </annotationSets>
    </header>
    <region xml:id="wn_r0" anchors="0 387"/>
    <region xml:id="wn_r1" anchors="389 496"/>
    <region xml:id="wn_r2" anchors="498 612"/>
    <region xml:id="wn_r3" anchors="614 681"/>
    <region xml:id="wn_r4" anchors="683 817"/>
    <region xml:id="wn_r5" anchors="819 1343"/>
    <region xml:id="wn_r6" anchors="1345 1476"/>
    <region xml:id="wn_r7" anchors="1478 1595"/>
    <region xml:id="wn_r8" anchors="1597 1842"/>
    <region xml:id="wn_r9" anchors="1844 1955"/>
    <region xml:id="wn_r10" anchors="1957 2086"/>
    <region xml:id="wn_r11" anchors="2088 2223"/>
    <region xml:id="wn_r12" anchors="2225 2590"/>
    <region xml:id="wn_r13" anchors="2592 2659"/>
    <region xml:id="wn_r14" anchors="2661 2765"/>
    <region xml:id="wn_r15" anchors="2767 2962"/>
    <region xml:id="wn_r16" anchors="2964 3203"/>
    <region xml:id="wn_r17" anchors="3205 3320"/>
    <region xml:id="wn_r18" anchors="3322 3459"/>
    <region xml:id="wn_r19" anchors="3461 3501"/>
    <region xml:id="wn_r20" anchors="3503 3832"/>
    <region xml:id="wn_r21" anchors="3834 3947"/>
    <region xml:id="wn_r22" anchors="3949 4040"/>
    <region xml:id="wn_r23" anchors="4042 4206"/>
    <region xml:id="wn_r24" anchors="4208 4255"/>
    <region xml:id="wn_r25" anchors="4257 4500"/>
    <region xml:id="wn_r26" anchors="4502 4624"/>
    <region xml:id="wn_r27" anchors="4626 4854"/>
    <region xml:id="wn_r28" anchors="4856 4986"/>
    <region xml:id="wn_r29" anchors="4988 5036"/>
    <region xml:id="wn_r30" anchors="5038 5145"/>
    <region xml:id="wn_r31" anchors="5147 5309"/>
    <region xml:id="wn_r32" anchors="5311 5471"/>
    <region xml:id="wn_r33" anchors="5473 5506"/>
    <region xml:id="wn_r34" anchors="5508 5619"/>
    <region xml:id="wn_r35" anchors="5621 5753"/>
    <region xml:id="wn_r36" anchors="5755 5912"/>
    <region xml:id="wn_r37" anchors="5914 6066"/>
    <region xml:id="wn_r38" anchors="6068 6113"/>
    <region xml:id="wn_r39" anchors="6115 6264"/>
    <region xml:id="wn_r40" anchors="6266 6384"/>
    <region xml:id="wn_r41" anchors="6386 6518"/>
    <region xml:id="wn_r42" anchors="6520 6629"/>
    <region xml:id="wn_r43" anchors="6631 6809"/>
    <region xml:id="wn_r44" anchors="6811 7083"/>
    <region xml:id="wn_r45" anchors="7085 7448"/>
    <region xml:id="wn_r46" anchors="7450 7649"/>
    <region xml:id="wn_r47" anchors="7651 7856"/>
    <region xml:id="wn_r48" anchors="7858 7972"/>
    <region xml:id="wn_r49" anchors="7974 8206"/>
    <region xml:id="wn_r50" anchors="8208 8332"/>
    <region xml:id="wn_r51" anchors="8334 8484"/>
    <region xml:id="wn_r52" anchors="8486 8686"/>
    <region xml:id="wn_r53" anchors="8688 8776"/>
    <region xml:id="wn_r54" anchors="8778 9010"/>
    <region xml:id="wn_r55" anchors="9012 9205"/>
    <region xml:id="wn_r56" anchors="9207 9446"/>
    <region xml:id="wn_r57" anchors="9448 9558"/>
    <region xml:id="wn_r58" anchors="9560 9613"/>
    <region xml:id="wn_r59" anchors="9615 9771"/>
    <region xml:id="wn_r60" anchors="9773 9914"/>
    <region xml:id="wn_r61" anchors="9916 10106"/>
    <region xml:id="wn_r62" anchors="10108 10227"/>
    <region xml:id="wn_r63" anchors="10229 10433"/>
    <region xml:id="wn_r64" anchors="10435 10785"/>
    <region xml:id="wn_r65" anchors="10787 10883"/>
    <region xml:id="wn_r66" anchors="10885 10998"/>
    <region xml:id="wn_r67" anchors="11000 11196"/>
    <region xml:id="wn_r68" anchors="11198 11344"/>
    <region xml:id="wn_r69" anchors="11346 11618"/>
    <region xml:id="wn_r70" anchors="11620 11841"/>
    <region xml:id="wn_r71" anchors="11843 12081"/>
    <region xml:id="wn_r72" anchors="12083 12319"/>
    <region xml:id="wn_r73" anchors="12321 12463"/>
    <region xml:id="wn_r74" anchors="12465 12535"/>
    <region xml:id="wn_r75" anchors="12537 12723"/>
    <region xml:id="wn_r76" anchors="12725 13442"/>
    <region xml:id="wn_r77" anchors="13444 13602"/>
    <region xml:id="wn_r78" anchors="13604 13730"/>
    <region xml:id="wn_r79" anchors="13732 13842"/>
    <region xml:id="wn_r80" anchors="13844 13925"/>
    <region xml:id="wn_r81" anchors="13927 14172"/>
    <region xml:id="wn_r82" anchors="14174 14630"/>
    <region xml:id="wn_r83" anchors="14632 14744"/>
    <region xml:id="wn_r84" anchors="14746 14893"/>
    <region xml:id="wn_r85" anchors="14895 15325"/>
    <region xml:id="wn_r86" anchors="15327 15540"/>
    <region xml:id="wn_r87" anchors="15542 15948"/>
    <region xml:id="wn_r88" anchors="15950 16111"/>
    <region xml:id="wn_r89" anchors="16113 16250"/>
    <region xml:id="wn_r90" anchors="16252 16360"/>
    <node xml:id="wn_n0">
        <link targets="wn_r0"/>
    </node>
    <a label="s" ref="wn_n0">
        <fs>
            <f name="path" value="oanc/data/written_1/fiction/eggan/TheStory.anc"/>
            <f name="orig-start" value="185395"/>
            <f name="orig-end" value="185812"/>
        </fs>
    </a>
    <node xml:id="wn_n1">
        <link targets="wn_r1"/>
    </node>
    <a label="s" ref="wn_n1">
        <fs>
            <f name="path" value="oanc/data/written_2/technical/plos/journal.pbio.0020113.anc"/>
            <f name="orig-start" value="10185"/>
            <f name="orig-end" value="10308"/>
        </fs>
    </a>
    <node xml:id="wn_n10">
        <link targets="wn_r10"/>
    </node>
    <a label="s" ref="wn_n10">
        <fs>
            <f name="path" value="oanc/data/written_1/journal/slate/10/Article247_3333.anc"/>
            <f name="orig-start" value="981"/>
            <f name="orig-end" value="1110"/>
        </fs>
    </a>
    <node xml:id="wn_n11">
        <link targets="wn_r11"/>
    </node>
    <a label="s" ref="wn_n11">
        <fs>
            <f name="path" value="oanc/data/written_1/journal/slate/10/Article247_3332.anc"/>
            <f name="orig-start" value="1920"/>
            <f name="orig-end" value="2055"/>
        </fs>
    </a>
    <node xml:id="wn_n12">
        <link targets="wn_r12"/>
    </node>
    <a label="s" ref="wn_n12">
        <fs>
            <f name="path" value="oanc/data/written_2/technical/biomed/1472-6785-1-3.anc"/>
            <f name="orig-start" value="12151"/>
            <f name="orig-end" value="12564"/>
        </fs>
    </a>
    <node xml:id="wn_n13">
        <link targets="wn_r13"/>
    </node>
    <a label="s" ref="wn_n13">
        <fs>
            <f name="path" value="oanc/data/written_1/journal/slate/30/ArticleIP_1872.anc"/>
            <f name="orig-start" value="3133"/>
            <f name="orig-end" value="3200"/>
        </fs>
    </a>
    <node xml:id="wn_n14">
        <link targets="wn_r14"/>
    </node>
    <a label="s" ref="wn_n14">
        <fs>
            <f name="path" value="oanc/data/written_2/technical/government/Gen_Account_Office/Statements_Feb28-1997_volume.anc"/>
            <f name="orig-start" value="262944"/>
            <f name="orig-end" value="263048"/>
        </fs>
    </a>
    <node xml:id="wn_n15">
        <link targets="wn_r15"/>
    </node>
    <a label="s" ref="wn_n15">
        <fs>
            <f name="path" value="oanc/data/written_1/journal/slate/10/Article247_3342.anc"/>
            <f name="orig-start" value="75"/>
            <f name="orig-end" value="270"/>
        </fs>
    </a>
    <node xml:id="wn_n16">
        <link targets="wn_r16"/>
    </node>
    <a label="s" ref="wn_n16">
        <fs>
            <f name="path" value="oanc/data/written_2/technical/government/Gen_Account_Office/Statements_Feb28-1997_volume.anc"/>
            <f name="orig-start" value="75723"/>
            <f name="orig-end" value="75962"/>
        </fs>
    </a>
    <node xml:id="wn_n17">
        <link targets="wn_r17"/>
    </node>
    <a label="s" ref="wn_n17">
        <fs>
            <f name="path" value="oanc/data/written_1/journal/slate/30/ArticleIP_1860.anc"/>
            <f name="orig-start" value="4511"/>
            <f name="orig-end" value="4626"/>
        </fs>
    </a>
    <node xml:id="wn_n18">
        <link targets="wn_r18"/>
    </node>
    <a label="s" ref="wn_n18">
        <fs>
            <f name="path" value="oanc/data/written_2/technical/biomed/1472-6785-1-3.anc"/>
            <f name="orig-start" value="8205"/>
            <f name="orig-end" value="8366"/>
        </fs>
    </a>
    <node xml:id="wn_n19">
        <link targets="wn_r19"/>
    </node>
    <a label="s" ref="wn_n19">
        <fs>
            <f name="path" value="oanc/data/written_1/journal/slate/4/Article247_520.anc"/>
            <f name="orig-start" value="4905"/>
            <f name="orig-end" value="4945"/>
        </fs>
    </a>
    <node xml:id="wn_n2">
        <link targets="wn_r2"/>
    </node>
    <a label="s" ref="wn_n2">
        <fs>
            <f name="path" value="oanc/data/spoken/telephone/switchboard/29/sw2983-ms98-a-trans.anc"/>
            <f name="orig-start" value="4074"/>
            <f name="orig-end" value="4188"/>
        </fs>
    </a>
    <node xml:id="wn_n20">
        <link targets="wn_r20"/>
    </node>
    <a label="s" ref="wn_n20">
        <fs>
            <f name="path" value="oanc/data/written_2/technical/biomed/1472-6785-1-3.anc"/>
            <f name="orig-start" value="7144"/>
            <f name="orig-end" value="7521"/>
        </fs>
    </a>
    <node xml:id="wn_n21">
        <link targets="wn_r21"/>
    </node>
    <a label="s" ref="wn_n21">
        <fs>
            <f name="path" value="oanc/data/written_1/journal/slate/30/ArticleIP_1874.anc"/>
            <f name="orig-start" value="7245"/>
            <f name="orig-end" value="7358"/>
        </fs>
    </a>
    <node xml:id="wn_n22">
        <link targets="wn_r22"/>
    </node>
    <a label="s" ref="wn_n22">
        <fs>
            <f name="path" value="oanc/data/written_2/technical/government/Gen_Account_Office/Statements_Feb28-1997_volume.anc"/>
            <f name="orig-start" value="75370"/>
            <f name="orig-end" value="75461"/>
        </fs>
    </a>
    <node xml:id="wn_n23">
        <link targets="wn_r23"/>
    </node>
    <a label="s" ref="wn_n23">
        <fs>
            <f name="path" value="oanc/data/written_1/journal/slate/10/Article247_3333.anc"/>
            <f name="orig-start" value="1124"/>
            <f name="orig-end" value="1288"/>
        </fs>
    </a>
    <node xml:id="wn_n24">
        <link targets="wn_r24"/>
    </node>
    <a label="s" ref="wn_n24">
        <fs>
            <f name="path" value="oanc/data/written_2/technical/government/Gen_Account_Office/Statements_Feb28-1997_volume.anc"/>
            <f name="orig-start" value="226143"/>
            <f name="orig-end" value="226190"/>
        </fs>
    </a>
    <node xml:id="wn_n25">
        <link targets="wn_r25"/>
    </node>
    <a label="s" ref="wn_n25">
        <fs>
            <f name="path" value="oanc/data/written_1/journal/slate/51/ArticleIP_31312.anc"/>
            <f name="orig-start" value="375"/>
            <f name="orig-end" value="618"/>
        </fs>
    </a>
    <node xml:id="wn_n26">
        <link targets="wn_r26"/>
    </node>
    <a label="s" ref="wn_n26">
        <fs>
            <f name="path" value="oanc/data/written_2/technical/biomed/1472-6785-1-3.anc"/>
            <f name="orig-start" value="11412"/>
            <f name="orig-end" value="11550"/>
        </fs>
    </a>
    <node xml:id="wn_n27">
        <link targets="wn_r27"/>
    </node>
    <a label="s" ref="wn_n27">
        <fs>
            <f name="path" value="oanc/data/written_2/technical/biomed/1477-7827-1-21.anc"/>
            <f name="orig-start" value="7818"/>
            <f name="orig-end" value="8086"/>
        </fs>
    </a>
    <node xml:id="wn_n28">
        <link targets="wn_r28"/>
    </node>
    <a label="s" ref="wn_n28">
        <fs>
            <f name="path" value="oanc/data/written_2/technical/government/Gen_Account_Office/Statements_Feb28-1997_volume.anc"/>
            <f name="orig-start" value="57803"/>
            <f name="orig-end" value="57933"/>
        </fs>
    </a>
    <node xml:id="wn_n29">
        <link targets="wn_r29"/>
    </node>
    <a label="s" ref="wn_n29">
        <fs>
            <f name="path" value="oanc/data/written_2/technical/government/Gen_Account_Office/Statements_Feb28-1997_volume.anc"/>
            <f name="orig-start" value="56671"/>
            <f name="orig-end" value="56719"/>
        </fs>
    </a>
    <node xml:id="wn_n3">
        <link targets="wn_r3"/>
    </node>
    <a label="s" ref="wn_n3">
        <fs>
            <f name="path" value="oanc/data/written_1/journal/slate/10/Article247_3332.anc"/>
            <f name="orig-start" value="2765"/>
            <f name="orig-end" value="2832"/>
        </fs>
    </a>
    <node xml:id="wn_n30">
        <link targets="wn_r30"/>
    </node>
    <a label="s" ref="wn_n30">
        <fs>
            <f name="path" value="oanc/data/written_2/technical/government/Gen_Account_Office/d02701.anc"/>
            <f name="orig-start" value="67825"/>
            <f name="orig-end" value="67932"/>
        </fs>
    </a>
    <node xml:id="wn_n31">
        <link targets="wn_r31"/>
    </node>
    <a label="s" ref="wn_n31">
        <fs>
            <f name="path" value="oanc/data/spoken/telephone/switchboard/39/sw3933-ms98-a-trans.anc"/>
            <f name="orig-start" value="1581"/>
            <f name="orig-end" value="2105"/>
        </fs>
    </a>
    <node xml:id="wn_n32">
        <link targets="wn_r32"/>
    </node>
    <a label="s" ref="wn_n32">
        <fs>
            <f name="path" value="oanc/data/written_2/travel_guides/berlitz1/HistoryJapan.anc"/>
            <f name="orig-start" value="30097"/>
            <f name="orig-end" value="30281"/>
        </fs>
    </a>
    <node xml:id="wn_n33">
        <link targets="wn_r33"/>
    </node>
    <a label="s" ref="wn_n33">
        <fs>
            <f name="path" value="oanc/data/written_2/technical/government/Gen_Account_Office/d01376g.anc"/>
            <f name="orig-start" value="95694"/>
            <f name="orig-end" value="95727"/>
        </fs>
    </a>
    <node xml:id="wn_n34">
        <link targets="wn_r34"/>
    </node>
    <a label="s" ref="wn_n34">
        <fs>
            <f name="path" value="oanc/data/spoken/telephone/switchboard/28/sw2840-ms98-a-trans.anc"/>
            <f name="orig-start" value="6119"/>
            <f name="orig-end" value="6230"/>
        </fs>
    </a>
    <node xml:id="wn_n35">
        <link targets="wn_r35"/>
    </node>
    <a label="s" ref="wn_n35">
        <fs>
            <f name="path" value="oanc/data/spoken/telephone/switchboard/30/sw3053-ms98-a-trans.anc"/>
            <f name="orig-start" value="6265"/>
            <f name="orig-end" value="6397"/>
        </fs>
    </a>
    <node xml:id="wn_n36">
        <link targets="wn_r36"/>
    </node>
    <a label="s" ref="wn_n36">
        <fs>
            <f name="path" value="oanc/data/spoken/telephone/switchboard/41/sw4147-ms98-a-trans.anc"/>
            <f name="orig-start" value="4619"/>
            <f name="orig-end" value="4776"/>
        </fs>
    </a>
    <node xml:id="wn_n37">
        <link targets="wn_r37"/>
    </node>
    <a label="s" ref="wn_n37">
        <fs>
            <f name="path" value="oanc/data/spoken/telephone/switchboard/30/sw3038-ms98-a-trans.anc"/>
            <f name="orig-start" value="923"/>
            <f name="orig-end" value="1234"/>
        </fs>
    </a>
    <node xml:id="wn_n38">
        <link targets="wn_r38"/>
    </node>
    <a label="s" ref="wn_n38">
        <fs>
            <f name="path" value="oanc/data/spoken/telephone/switchboard/23/sw2319-ms98-a-trans.anc"/>
            <f name="orig-start" value="4101"/>
            <f name="orig-end" value="4154"/>
        </fs>
    </a>
    <node xml:id="wn_n39">
        <link targets="wn_r39"/>
    </node>
    <a label="s" ref="wn_n39">
        <fs>
            <f name="path" value="oanc/data/spoken/telephone/switchboard/37/sw3714-ms98-a-trans.anc"/>
            <f name="orig-start" value="1003"/>
            <f name="orig-end" value="1152"/>
        </fs>
    </a>
    <node xml:id="wn_n4">
        <link targets="wn_r4"/>
    </node>
    <a label="s" ref="wn_n4">
        <fs>
            <f name="path" value="oanc/data/written_1/journal/slate/40/ArticleIP_2917.anc"/>
            <f name="orig-start" value="5283"/>
            <f name="orig-end" value="5417"/>
        </fs>
    </a>
    <node xml:id="wn_n40">
        <link targets="wn_r40"/>
    </node>
    <a label="s" ref="wn_n40">
        <fs>
            <f name="path" value="oanc/data/spoken/telephone/switchboard/24/sw2473-ms98-a-trans.anc"/>
            <f name="orig-start" value="10993"/>
            <f name="orig-end" value="11401"/>
        </fs>
    </a>
    <node xml:id="wn_n41">
        <link targets="wn_r41"/>
    </node>
    <a label="s" ref="wn_n41">
        <fs>
            <f name="path" value="oanc/data/spoken/telephone/switchboard/30/sw3053-ms98-a-trans.anc"/>
            <f name="orig-start" value="6265"/>
            <f name="orig-end" value="6397"/>
        </fs>
    </a>
    <node xml:id="wn_n42">
        <link targets="wn_r42"/>
    </node>
    <a label="s" ref="wn_n42">
        <fs>
            <f name="path" value="oanc/data/written_2/technical/plos/journal.pbio.0020113.anc"/>
            <f name="orig-start" value="16706"/>
            <f name="orig-end" value="16823"/>
        </fs>
    </a>
    <node xml:id="wn_n43">
        <link targets="wn_r43"/>
    </node>
    <a label="s" ref="wn_n43">
        <fs>
            <f name="path" value="oanc/data/written_1/journal/slate/54/ArticleIP_67332.anc"/>
            <f name="orig-start" value="5462"/>
            <f name="orig-end" value="5640"/>
        </fs>
    </a>
    <node xml:id="wn_n44">
        <link targets="wn_r44"/>
    </node>
    <a label="s" ref="wn_n44">
        <fs>
            <f name="path" value="oanc/data/written_2/technical/government/Gen_Account_Office/Statements_Feb28-1997_volume.anc"/>
            <f name="orig-start" value="252459"/>
            <f name="orig-end" value="252731"/>
        </fs>
    </a>
    <node xml:id="wn_n45">
        <link targets="wn_r45"/>
    </node>
    <a label="s" ref="wn_n45">
        <fs>
            <f name="path" value="oanc/data/written_1/journal/slate/48/ArticleIP_7702.anc"/>
            <f name="orig-start" value="1678"/>
            <f name="orig-end" value="2041"/>
        </fs>
    </a>
    <node xml:id="wn_n46">
        <link targets="wn_r46"/>
    </node>
    <a label="s" ref="wn_n46">
        <fs>
            <f name="path" value="oanc/data/written_2/technical/government/Gen_Account_Office/Statements_Feb28-1997_volume.anc"/>
            <f name="orig-start" value="297662"/>
            <f name="orig-end" value="297861"/>
        </fs>
    </a>
    <node xml:id="wn_n47">
        <link targets="wn_r47"/>
    </node>
    <a label="s" ref="wn_n47">
        <fs>
            <f name="path" value="oanc/data/written_1/journal/slate/41/ArticleIP_3065.anc"/>
            <f name="orig-start" value="221"/>
            <f name="orig-end" value="426"/>
        </fs>
    </a>
    <node xml:id="wn_n48">
        <link targets="wn_r48"/>
    </node>
    <a label="s" ref="wn_n48">
        <fs>
            <f name="path" value="oanc/data/written_2/technical/government/Media/Lindsays_legacy.anc"/>
            <f name="orig-start" value="4245"/>
            <f name="orig-end" value="4359"/>
        </fs>
    </a>
    <node xml:id="wn_n49">
        <link targets="wn_r49"/>
    </node>
    <a label="s" ref="wn_n49">
        <fs>
            <f name="path" value="oanc/data/written_1/journal/slate/8/Article247_946.anc"/>
            <f name="orig-start" value="2801"/>
            <f name="orig-end" value="3033"/>
        </fs>
    </a>
    <node xml:id="wn_n5">
        <link targets="wn_r5"/>
    </node>
    <a label="s" ref="wn_n5">
        <fs>
            <f name="path" value="oanc/data/written_1/journal/slate/54/ArticleIP_68187.anc"/>
            <f name="orig-start" value="2899"/>
            <f name="orig-end" value="3423"/>
        </fs>
    </a>
    <node xml:id="wn_n50">
        <link targets="wn_r50"/>
    </node>
    <a label="s" ref="wn_n50">
        <fs>
            <f name="path" value="oanc/data/written_2/technical/government/Gen_Account_Office/d01591sp.anc"/>
            <f name="orig-start" value="157553"/>
            <f name="orig-end" value="157677"/>
        </fs>
    </a>
    <node xml:id="wn_n51">
        <link targets="wn_r51"/>
    </node>
    <a label="s" ref="wn_n51">
        <fs>
            <f name="path" value="oanc/data/written_1/journal/slate/25/ArticleIP_1347.anc"/>
            <f name="orig-start" value="4498"/>
            <f name="orig-end" value="4648"/>
        </fs>
    </a>
    <node xml:id="wn_n52">
        <link targets="wn_r52"/>
    </node>
    <a label="s" ref="wn_n52">
        <fs>
            <f name="path" value="oanc/data/written_2/technical/biomed/1471-213X-1-3.anc"/>
            <f name="orig-start" value="6359"/>
            <f name="orig-end" value="6591"/>
        </fs>
    </a>
    <node xml:id="wn_n53">
        <link targets="wn_r53"/>
    </node>
    <a label="s" ref="wn_n53">
        <fs>
            <f name="path" value="oanc/data/written_1/journal/slate/34/ArticleIP_2282.anc"/>
            <f name="orig-start" value="6107"/>
            <f name="orig-end" value="6195"/>
        </fs>
    </a>
    <node xml:id="wn_n54">
        <link targets="wn_r54"/>
    </node>
    <a label="s" ref="wn_n54">
        <fs>
            <f name="path" value="oanc/data/written_2/technical/government/Gen_Account_Office/d02701.anc"/>
            <f name="orig-start" value="31587"/>
            <f name="orig-end" value="31819"/>
        </fs>
    </a>
    <node xml:id="wn_n55">
        <link targets="wn_r55"/>
    </node>
    <a label="s" ref="wn_n55">
        <fs>
            <f name="path" value="oanc/data/written_1/journal/verbatim/VOL23_2.anc"/>
            <f name="orig-start" value="87873"/>
            <f name="orig-end" value="88066"/>
        </fs>
    </a>
    <node xml:id="wn_n56">
        <link targets="wn_r56"/>
    </node>
    <a label="s" ref="wn_n56">
        <fs>
            <f name="path" value="oanc/data/written_2/technical/government/Gen_Account_Office/Statements_Feb28-1997_volume.anc"/>
            <f name="orig-start" value="63546"/>
            <f name="orig-end" value="63785"/>
        </fs>
    </a>
    <node xml:id="wn_n57">
        <link targets="wn_r57"/>
    </node>
    <a label="s" ref="wn_n57">
        <fs>
            <f name="path" value="oanc/data/written_2/technical/government/Gen_Account_Office/Statements_Feb28-1997_volume.anc"/>
            <f name="orig-start" value="63186"/>
            <f name="orig-end" value="63296"/>
        </fs>
    </a>
    <node xml:id="wn_n58">
        <link targets="wn_r58"/>
    </node>
    <a label="s" ref="wn_n58">
        <fs>
            <f name="path" value="oanc/data/written_2/technical/government/Gen_Account_Office/Statements_Feb28-1997_volume.anc"/>
            <f name="orig-start" value="106506"/>
            <f name="orig-end" value="106559"/>
        </fs>
    </a>
    <node xml:id="wn_n59">
        <link targets="wn_r59"/>
    </node>
    <a label="s" ref="wn_n59">
        <fs>
            <f name="path" value="oanc/data/written_2/technical/government/Gen_Account_Office/d02701.anc"/>
            <f name="orig-start" value="32723"/>
            <f name="orig-end" value="32879"/>
        </fs>
    </a>
    <node xml:id="wn_n6">
        <link targets="wn_r6"/>
    </node>
    <a label="s" ref="wn_n6">
        <fs>
            <f name="path" value="oanc/data/written_1/journal/slate/36/ArticleIP_2494.anc"/>
            <f name="orig-start" value="2118"/>
            <f name="orig-end" value="2249"/>
        </fs>
    </a>
    <node xml:id="wn_n60">
        <link targets="wn_r60"/>
    </node>
    <a label="s" ref="wn_n60">
        <fs>
            <f name="path" value="oanc/data/written_2/technical/government/Gen_Account_Office/Statements_Feb28-1997_volume.anc"/>
            <f name="orig-start" value="299027"/>
            <f name="orig-end" value="299168"/>
        </fs>
    </a>
    <node xml:id="wn_n61">
        <link targets="wn_r61"/>
    </node>
    <a label="s" ref="wn_n61">
        <fs>
            <f name="path" value="oanc/data/written_2/non-fiction/OUP/Fletcher/ch1.anc"/>
            <f name="orig-start" value="22578"/>
            <f name="orig-end" value="22768"/>
        </fs>
    </a>
    <node xml:id="wn_n62">
        <link targets="wn_r62"/>
    </node>
    <a label="s" ref="wn_n62">
        <fs>
            <f name="path" value="oanc/data/written_1/journal/slate/51/ArticleIP_30341.anc"/>
            <f name="orig-start" value="7883"/>
            <f name="orig-end" value="8002"/>
        </fs>
    </a>
    <node xml:id="wn_n63">
        <link targets="wn_r63"/>
    </node>
    <a label="s" ref="wn_n63">
        <fs>
            <f name="path" value="oanc/data/written_2/travel_guides/berlitz1/WhereToMalaysia.anc"/>
            <f name="orig-start" value="6828"/>
            <f name="orig-end" value="7056"/>
        </fs>
    </a>
    <node xml:id="wn_n64">
        <link targets="wn_r64"/>
    </node>
    <a label="s" ref="wn_n64">
        <fs>
            <f name="path" value="oanc/data/written_2/technical/biomed/1472-6785-1-3.anc"/>
            <f name="orig-start" value="14123"/>
            <f name="orig-end" value="14521"/>
        </fs>
    </a>
    <node xml:id="wn_n65">
        <link targets="wn_r65"/>
    </node>
    <a label="s" ref="wn_n65">
        <fs>
            <f name="path" value="oanc/data/written_2/technical/government/Gen_Account_Office/Statements_Feb28-1997_volume.anc"/>
            <f name="orig-start" value="106560"/>
            <f name="orig-end" value="106656"/>
        </fs>
    </a>
    <node xml:id="wn_n66">
        <link targets="wn_r66"/>
    </node>
    <a label="s" ref="wn_n66">
        <fs>
            <f name="path" value="oanc/data/written_2/technical/government/Gen_Account_Office/Statements_Feb28-1997_volume.anc"/>
            <f name="orig-start" value="106657"/>
            <f name="orig-end" value="106770"/>
        </fs>
    </a>
    <node xml:id="wn_n67">
        <link targets="wn_r67"/>
    </node>
    <a label="s" ref="wn_n67">
        <fs>
            <f name="path" value="oanc/data/written_2/technical/biomed/1472-6785-1-3.anc"/>
            <f name="orig-start" value="22920"/>
            <f name="orig-end" value="23140"/>
        </fs>
    </a>
    <node xml:id="wn_n68">
        <link targets="wn_r68"/>
    </node>
    <a label="s" ref="wn_n68">
        <fs>
            <f name="path" value="oanc/data/written_2/technical/plos/journal.pbio.0020213.anc"/>
            <f name="orig-start" value="14766"/>
            <f name="orig-end" value="14928"/>
        </fs>
    </a>
    <node xml:id="wn_n69">
        <link targets="wn_r69"/>
    </node>
    <a label="s" ref="wn_n69">
        <fs>
            <f name="path" value="oanc/data/written_2/technical/government/Gen_Account_Office/Statements_Feb28-1997_volume.anc"/>
            <f name="orig-start" value="252459"/>
            <f name="orig-end" value="252731"/>
        </fs>
    </a>
    <node xml:id="wn_n7">
        <link targets="wn_r7"/>
    </node>
    <a label="s" ref="wn_n7">
        <fs>
            <f name="path" value="oanc/data/written_1/journal/slate/51/ArticleIP_37293.anc"/>
            <f name="orig-start" value="1748"/>
            <f name="orig-end" value="1865"/>
        </fs>
    </a>
    <node xml:id="wn_n70">
        <link targets="wn_r70"/>
    </node>
    <a label="s" ref="wn_n70">
        <fs>
            <f name="path" value="oanc/data/written_2/technical/government/Gen_Account_Office/Statements_Feb28-1997_volume.anc"/>
            <f name="orig-start" value="298184"/>
            <f name="orig-end" value="298405"/>
        </fs>
    </a>
    <node xml:id="wn_n71">
        <link targets="wn_r71"/>
    </node>
    <a label="s" ref="wn_n71">
        <fs>
            <f name="path" value="oanc/data/written_2/technical/biomed/1472-6793-2-1.anc"/>
            <f name="orig-start" value="3208"/>
            <f name="orig-end" value="3478"/>
        </fs>
    </a>
    <node xml:id="wn_n72">
        <link targets="wn_r72"/>
    </node>
    <a label="s" ref="wn_n72">
        <fs>
            <f name="path" value="oanc/data/written_1/journal/slate/36/ArticleIP_2443.anc"/>
            <f name="orig-start" value="2883"/>
            <f name="orig-end" value="3119"/>
        </fs>
    </a>
    <node xml:id="wn_n73">
        <link targets="wn_r73"/>
    </node>
    <a label="s" ref="wn_n73">
        <fs>
            <f name="path" value="oanc/data/written_2/technical/government/Gen_Account_Office/Statements_Feb28-1997_volume.anc"/>
            <f name="orig-start" value="56719"/>
            <f name="orig-end" value="56861"/>
        </fs>
    </a>
    <node xml:id="wn_n74">
        <link targets="wn_r74"/>
    </node>
    <a label="s" ref="wn_n74">
        <fs>
            <f name="path" value="oanc/data/written_1/journal/slate/48/ArticleIP_4453.anc"/>
            <f name="orig-start" value="4429"/>
            <f name="orig-end" value="4499"/>
        </fs>
    </a>
    <node xml:id="wn_n75">
        <link targets="wn_r75"/>
    </node>
    <a label="s" ref="wn_n75">
        <fs>
            <f name="path" value="oanc/data/written_2/technical/biomed/bcr273.anc"/>
            <f name="orig-start" value="41199"/>
            <f name="orig-end" value="41425"/>
        </fs>
    </a>
    <node xml:id="wn_n76">
        <link targets="wn_r76"/>
    </node>
    <a label="s" ref="wn_n76">
        <fs>
            <f name="path" value="oanc/data/written_1/journal/slate/51/ArticleIP_35741.anc"/>
            <f name="orig-start" value="1657"/>
            <f name="orig-end" value="2374"/>
        </fs>
    </a>
    <node xml:id="wn_n77">
        <link targets="wn_r77"/>
    </node>
    <a label="s" ref="wn_n77">
        <fs>
            <f name="path" value="oanc/data/written_2/technical/biomed/1471-213X-1-3.anc"/>
            <f name="orig-start" value="21609"/>
            <f name="orig-end" value="21787"/>
        </fs>
    </a>
    <node xml:id="wn_n78">
        <link targets="wn_r78"/>
    </node>
    <a label="s" ref="wn_n78">
        <fs>
            <f name="path" value="oanc/data/written_1/journal/slate/35/ArticleIP_2361.anc"/>
            <f name="orig-start" value="7927"/>
            <f name="orig-end" value="8053"/>
        </fs>
    </a>
    <node xml:id="wn_n79">
        <link targets="wn_r79"/>
    </node>
    <a label="s" ref="wn_n79">
        <fs>
            <f name="path" value="oanc/data/written_2/technical/biomed/1471-213X-1-3.anc"/>
            <f name="orig-start" value="21478"/>
            <f name="orig-end" value="21608"/>
        </fs>
    </a>
    <node xml:id="wn_n8">
        <link targets="wn_r8"/>
    </node>
    <a label="s" ref="wn_n8">
        <fs>
            <f name="path" value="oanc/data/written_1/journal/slate/41/ArticleIP_3065.anc"/>
            <f name="orig-start" value="6068"/>
            <f name="orig-end" value="6313"/>
        </fs>
    </a>
    <node xml:id="wn_n80">
        <link targets="wn_r80"/>
    </node>
    <a label="s" ref="wn_n80">
        <fs>
            <f name="path" value="oanc/data/written_1/journal/slate/49/ArticleIP_18118.anc"/>
            <f name="orig-start" value="3966"/>
            <f name="orig-end" value="4047"/>
        </fs>
    </a>
    <node xml:id="wn_n81">
        <link targets="wn_r81"/>
    </node>
    <a label="s" ref="wn_n81">
        <fs>
            <f name="path" value="oanc/data/written_2/technical/government/Gen_Account_Office/d02701.anc"/>
            <f name="orig-start" value="61490"/>
            <f name="orig-end" value="61735"/>
        </fs>
    </a>
    <node xml:id="wn_n82">
        <link targets="wn_r82"/>
    </node>
    <a label="s" ref="wn_n82">
        <fs>
            <f name="path" value="oanc/data/written_1/journal/slate/51/ArticleIP_30956.anc"/>
            <f name="orig-start" value="4636"/>
            <f name="orig-end" value="5092"/>
        </fs>
    </a>
    <node xml:id="wn_n83">
        <link targets="wn_r83"/>
    </node>
    <a label="s" ref="wn_n83">
        <fs>
            <f name="path" value="oanc/data/written_2/technical/biomed/1477-7827-1-46.anc"/>
            <f name="orig-start" value="5220"/>
            <f name="orig-end" value="5352"/>
        </fs>
    </a>
    <node xml:id="wn_n84">
        <link targets="wn_r84"/>
    </node>
    <a label="s" ref="wn_n84">
        <fs>
            <f name="path" value="oanc/data/written_1/journal/slate/50/ArticleIP_25825.anc"/>
            <f name="orig-start" value="3707"/>
            <f name="orig-end" value="3854"/>
        </fs>
    </a>
    <node xml:id="wn_n85">
        <link targets="wn_r85"/>
    </node>
    <a label="s" ref="wn_n85">
        <fs>
            <f name="path" value="oanc/data/written_2/technical/biomed/1471-213X-3-4.anc"/>
            <f name="orig-start" value="24578"/>
            <f name="orig-end" value="25073"/>
        </fs>
    </a>
    <node xml:id="wn_n86">
        <link targets="wn_r86"/>
    </node>
    <a label="s" ref="wn_n86">
        <fs>
            <f name="path" value="oanc/data/written_2/technical/biomed/1471-2148-2-2.anc"/>
            <f name="orig-start" value="13038"/>
            <f name="orig-end" value="13291"/>
        </fs>
    </a>
    <node xml:id="wn_n87">
        <link targets="wn_r87"/>
    </node>
    <a label="s" ref="wn_n87">
        <fs>
            <f name="path" value="oanc/data/written_2/technical/biomed/1471-2202-2-5.anc"/>
            <f name="orig-start" value="930"/>
            <f name="orig-end" value="1384"/>
        </fs>
    </a>
    <node xml:id="wn_n88">
        <link targets="wn_r88"/>
    </node>
    <a label="s" ref="wn_n88">
        <fs>
            <f name="path" value="oanc/data/written_2/technical/government/Gen_Account_Office/d02701.anc"/>
            <f name="orig-start" value="99062"/>
            <f name="orig-end" value="99223"/>
        </fs>
    </a>
    <node xml:id="wn_n89">
        <link targets="wn_r89"/>
    </node>
    <a label="s" ref="wn_n89">
        <fs>
            <f name="path" value="oanc/data/written_2/technical/biomed/1472-6785-1-3.anc"/>
            <f name="orig-start" value="23604"/>
            <f name="orig-end" value="23757"/>
        </fs>
    </a>
    <node xml:id="wn_n9">
        <link targets="wn_r9"/>
    </node>
    <a label="s" ref="wn_n9">
        <fs>
            <f name="path" value="oanc/data/written_1/journal/slate/28/ArticleIP_1635.anc"/>
            <f name="orig-start" value="7302"/>
            <f name="orig-end" value="7413"/>
        </fs>
    </a>
    <node xml:id="wn_n90">
        <link targets="wn_r90"/>
    </node>
    <a label="s" ref="wn_n90">
        <fs>
            <f name="path" value="oanc/data/written_2/technical/government/Gen_Account_Office/Statements_Feb28-1997_volume.anc"/>
            <f name="orig-start" value="303698"/>
            <f name="orig-end" value="303806"/>
        </fs>
    </a>
</graph>
