<?xml version="1.0" encoding="UTF-8"?>
<graph xmlns="http://www.xces.org/ns/GrAF/1.0/">
    <header>
        <tagsDecl>
            <tagUsage gi="s" occurs="164"/>
        </tagsDecl>
        <annotationSets>
            <annotationSet name="xces" type="http://www.xces.org/schema/2003"/>
        </annotationSets>
    </header>
    <region xml:id="wn_r0" anchors="0 143"/>
    <region xml:id="wn_r1" anchors="145 323"/>
    <region xml:id="wn_r2" anchors="325 477"/>
    <region xml:id="wn_r3" anchors="479 554"/>
    <region xml:id="wn_r4" anchors="556 671"/>
    <region xml:id="wn_r5" anchors="673 763"/>
    <region xml:id="wn_r6" anchors="765 884"/>
    <region xml:id="wn_r7" anchors="886 1034"/>
    <region xml:id="wn_r8" anchors="1036 1187"/>
    <region xml:id="wn_r9" anchors="1189 1304"/>
    <region xml:id="wn_r10" anchors="1306 1439"/>
    <region xml:id="wn_r11" anchors="1441 1607"/>
    <region xml:id="wn_r12" anchors="1609 1725"/>
    <region xml:id="wn_r13" anchors="1727 1945"/>
    <region xml:id="wn_r14" anchors="1947 2016"/>
    <region xml:id="wn_r15" anchors="2018 2220"/>
    <region xml:id="wn_r16" anchors="2222 2356"/>
    <region xml:id="wn_r17" anchors="2358 2697"/>
    <region xml:id="wn_r18" anchors="2699 2855"/>
    <region xml:id="wn_r19" anchors="2857 2988"/>
    <region xml:id="wn_r20" anchors="2990 3216"/>
    <region xml:id="wn_r21" anchors="3218 3281"/>
    <region xml:id="wn_r22" anchors="3283 3485"/>
    <region xml:id="wn_r23" anchors="3487 3614"/>
    <region xml:id="wn_r24" anchors="3616 3659"/>
    <region xml:id="wn_r25" anchors="3661 3824"/>
    <region xml:id="wn_r26" anchors="3826 3912"/>
    <region xml:id="wn_r27" anchors="3914 3966"/>
    <region xml:id="wn_r28" anchors="3968 4082"/>
    <region xml:id="wn_r29" anchors="4084 4366"/>
    <region xml:id="wn_r30" anchors="4368 4538"/>
    <region xml:id="wn_r31" anchors="4540 4650"/>
    <region xml:id="wn_r32" anchors="4652 4878"/>
    <region xml:id="wn_r33" anchors="4880 4985"/>
    <region xml:id="wn_r34" anchors="4987 5131"/>
    <region xml:id="wn_r35" anchors="5133 5369"/>
    <region xml:id="wn_r36" anchors="5371 5582"/>
    <region xml:id="wn_r37" anchors="5584 5953"/>
    <region xml:id="wn_r38" anchors="5955 6030"/>
    <region xml:id="wn_r39" anchors="6032 6330"/>
    <region xml:id="wn_r40" anchors="6332 6785"/>
    <region xml:id="wn_r41" anchors="6787 6940"/>
    <region xml:id="wn_r42" anchors="6942 7085"/>
    <region xml:id="wn_r43" anchors="7087 7268"/>
    <region xml:id="wn_r44" anchors="7270 7526"/>
    <region xml:id="wn_r45" anchors="7528 7835"/>
    <region xml:id="wn_r46" anchors="7837 8001"/>
    <region xml:id="wn_r47" anchors="8003 8189"/>
    <region xml:id="wn_r48" anchors="8191 8278"/>
    <region xml:id="wn_r49" anchors="8280 8330"/>
    <region xml:id="wn_r50" anchors="8332 8459"/>
    <region xml:id="wn_r51" anchors="8461 8595"/>
    <region xml:id="wn_r52" anchors="8597 8682"/>
    <region xml:id="wn_r53" anchors="8684 8800"/>
    <region xml:id="wn_r54" anchors="8802 8957"/>
    <region xml:id="wn_r55" anchors="8959 9173"/>
    <region xml:id="wn_r56" anchors="9175 9283"/>
    <region xml:id="wn_r57" anchors="9285 9387"/>
    <region xml:id="wn_r58" anchors="9389 9452"/>
    <region xml:id="wn_r59" anchors="9454 9648"/>
    <region xml:id="wn_r60" anchors="9650 9727"/>
    <region xml:id="wn_r61" anchors="9729 9843"/>
    <region xml:id="wn_r62" anchors="9845 9918"/>
    <region xml:id="wn_r63" anchors="9920 9964"/>
    <region xml:id="wn_r64" anchors="9966 10078"/>
    <region xml:id="wn_r65" anchors="10080 10218"/>
    <region xml:id="wn_r66" anchors="10220 10350"/>
    <region xml:id="wn_r67" anchors="10352 10531"/>
    <region xml:id="wn_r68" anchors="10533 10671"/>
    <region xml:id="wn_r69" anchors="10673 10797"/>
    <region xml:id="wn_r70" anchors="10799 10949"/>
    <region xml:id="wn_r71" anchors="10951 11150"/>
    <region xml:id="wn_r72" anchors="11152 11317"/>
    <region xml:id="wn_r73" anchors="11319 11402"/>
    <region xml:id="wn_r74" anchors="11404 11567"/>
    <region xml:id="wn_r75" anchors="11569 11754"/>
    <region xml:id="wn_r76" anchors="11756 11921"/>
    <region xml:id="wn_r77" anchors="11923 12051"/>
    <region xml:id="wn_r78" anchors="12053 12242"/>
    <region xml:id="wn_r79" anchors="12244 12440"/>
    <region xml:id="wn_r80" anchors="12442 12541"/>
    <region xml:id="wn_r81" anchors="12543 12785"/>
    <region xml:id="wn_r82" anchors="12787 12917"/>
    <region xml:id="wn_r83" anchors="12919 13114"/>
    <region xml:id="wn_r84" anchors="13116 13249"/>
    <region xml:id="wn_r85" anchors="13251 13370"/>
    <region xml:id="wn_r86" anchors="13372 13530"/>
    <region xml:id="wn_r87" anchors="13532 13797"/>
    <region xml:id="wn_r88" anchors="13799 13961"/>
    <region xml:id="wn_r89" anchors="13963 14113"/>
    <region xml:id="wn_r90" anchors="14115 14258"/>
    <region xml:id="wn_r91" anchors="14260 14374"/>
    <region xml:id="wn_r92" anchors="14376 14523"/>
    <region xml:id="wn_r93" anchors="14525 14663"/>
    <region xml:id="wn_r94" anchors="14665 14780"/>
    <region xml:id="wn_r95" anchors="14782 14932"/>
    <region xml:id="wn_r96" anchors="14934 15129"/>
    <region xml:id="wn_r97" anchors="15131 15432"/>
    <region xml:id="wn_r98" anchors="15434 15669"/>
    <region xml:id="wn_r99" anchors="15671 15832"/>
    <region xml:id="wn_r100" anchors="15834 16029"/>
    <region xml:id="wn_r101" anchors="16031 16192"/>
    <region xml:id="wn_r102" anchors="16194 16304"/>
    <region xml:id="wn_r103" anchors="16306 16443"/>
    <region xml:id="wn_r104" anchors="16445 16590"/>
    <region xml:id="wn_r105" anchors="16592 16617"/>
    <region xml:id="wn_r106" anchors="16619 16749"/>
    <region xml:id="wn_r107" anchors="16751 16865"/>
    <region xml:id="wn_r108" anchors="16867 17141"/>
    <region xml:id="wn_r109" anchors="17143 17271"/>
    <region xml:id="wn_r110" anchors="17273 17441"/>
    <region xml:id="wn_r111" anchors="17443 17504"/>
    <region xml:id="wn_r112" anchors="17506 17567"/>
    <region xml:id="wn_r113" anchors="17569 17697"/>
    <region xml:id="wn_r114" anchors="17699 18109"/>
    <region xml:id="wn_r115" anchors="18111 18241"/>
    <region xml:id="wn_r116" anchors="18243 18427"/>
    <region xml:id="wn_r117" anchors="18429 18848"/>
    <region xml:id="wn_r118" anchors="18850 19133"/>
    <region xml:id="wn_r119" anchors="19135 19316"/>
    <region xml:id="wn_r120" anchors="19318 19546"/>
    <region xml:id="wn_r121" anchors="19548 19853"/>
    <region xml:id="wn_r122" anchors="19855 19935"/>
    <region xml:id="wn_r123" anchors="19937 20068"/>
    <region xml:id="wn_r124" anchors="20070 20093"/>
    <region xml:id="wn_r125" anchors="20095 20252"/>
    <region xml:id="wn_r126" anchors="20254 20317"/>
    <region xml:id="wn_r127" anchors="20319 20463"/>
    <region xml:id="wn_r128" anchors="20465 20728"/>
    <region xml:id="wn_r129" anchors="20730 20998"/>
    <region xml:id="wn_r130" anchors="21000 21100"/>
    <region xml:id="wn_r131" anchors="21102 21197"/>
    <region xml:id="wn_r132" anchors="21199 21358"/>
    <region xml:id="wn_r133" anchors="21360 21693"/>
    <region xml:id="wn_r134" anchors="21695 21983"/>
    <region xml:id="wn_r135" anchors="21985 22108"/>
    <region xml:id="wn_r136" anchors="22110 22264"/>
    <region xml:id="wn_r137" anchors="22266 22447"/>
    <region xml:id="wn_r138" anchors="22449 22573"/>
    <region xml:id="wn_r139" anchors="22575 22657"/>
    <region xml:id="wn_r140" anchors="22659 22829"/>
    <region xml:id="wn_r141" anchors="22831 22972"/>
    <region xml:id="wn_r142" anchors="22974 23039"/>
    <region xml:id="wn_r143" anchors="23041 23136"/>
    <region xml:id="wn_r144" anchors="23138 23357"/>
    <region xml:id="wn_r145" anchors="23359 23568"/>
    <region xml:id="wn_r146" anchors="23570 23749"/>
    <region xml:id="wn_r147" anchors="23751 23892"/>
    <region xml:id="wn_r148" anchors="23894 24150"/>
    <region xml:id="wn_r149" anchors="24152 24304"/>
    <region xml:id="wn_r150" anchors="24306 24503"/>
    <region xml:id="wn_r151" anchors="24505 24639"/>
    <region xml:id="wn_r152" anchors="24641 24868"/>
    <region xml:id="wn_r153" anchors="24870 25028"/>
    <region xml:id="wn_r154" anchors="25030 25213"/>
    <region xml:id="wn_r155" anchors="25215 25386"/>
    <region xml:id="wn_r156" anchors="25388 25623"/>
    <region xml:id="wn_r157" anchors="25625 25737"/>
    <region xml:id="wn_r158" anchors="25739 26115"/>
    <region xml:id="wn_r159" anchors="26117 26401"/>
    <region xml:id="wn_r160" anchors="26403 26594"/>
    <region xml:id="wn_r161" anchors="26596 26709"/>
    <region xml:id="wn_r162" anchors="26711 26923"/>
    <region xml:id="wn_r163" anchors="26925 27090"/>
    <node xml:id="wn_n0">
        <link targets="wn_r0"/>
    </node>
    <a label="s" ref="wn_n0">
        <fs>
            <f name="path" value="file:/e:/anc2/OANC/data/written_2/technical/government/Media/Raising_the_Bar.anc"/>
            <f name="orig-start" value="2087"/>
            <f name="orig-end" value="2230"/>
        </fs>
    </a>
    <node xml:id="wn_n1">
        <link targets="wn_r1"/>
    </node>
    <a label="s" ref="wn_n1">
        <fs>
            <f name="path" value="file:/e:/anc2/OANC/data/written_2/travel_guides/berlitz1/HandRHawaii.anc"/>
            <f name="orig-start" value="5822"/>
            <f name="orig-end" value="6016"/>
        </fs>
    </a>
    <node xml:id="wn_n10">
        <link targets="wn_r10"/>
    </node>
    <a label="s" ref="wn_n10">
        <fs>
            <f name="path" value="file:/e:/anc2/OANC/data/written_2/travel_guides/berlitz1/WhereToLosAngeles.anc"/>
            <f name="orig-start" value="17857"/>
            <f name="orig-end" value="18006"/>
        </fs>
    </a>
    <node xml:id="wn_n100">
        <link targets="wn_r100"/>
    </node>
    <a label="s" ref="wn_n100">
        <fs>
            <f name="path" value="file:/e:/anc2/OANC/data/written_2/travel_guides/berlitz2/Vallarta-History.anc"/>
            <f name="orig-start" value="1560"/>
            <f name="orig-end" value="1755"/>
        </fs>
    </a>
    <node xml:id="wn_n101">
        <link targets="wn_r101"/>
    </node>
    <a label="s" ref="wn_n101">
        <fs>
            <f name="path" value="file:/e:/anc2/OANC/data/written_2/travel_guides/berlitz2/Vallarta-History.anc"/>
            <f name="orig-start" value="4100"/>
            <f name="orig-end" value="4261"/>
        </fs>
    </a>
    <node xml:id="wn_n102">
        <link targets="wn_r102"/>
    </node>
    <a label="s" ref="wn_n102">
        <fs>
            <f name="path" value="file:/e:/anc2/OANC/data/written_2/travel_guides/berlitz2/Vallarta-WhatToDo.anc"/>
            <f name="orig-start" value="6909"/>
            <f name="orig-end" value="7019"/>
        </fs>
    </a>
    <node xml:id="wn_n103">
        <link targets="wn_r103"/>
    </node>
    <a label="s" ref="wn_n103">
        <fs>
            <f name="path" value="file:/e:/anc2/OANC/data/written_2/travel_guides/berlitz2/Vallarta-WhereToGo.anc"/>
            <f name="orig-start" value="13885"/>
            <f name="orig-end" value="14022"/>
        </fs>
    </a>
    <node xml:id="wn_n104">
        <link targets="wn_r104"/>
    </node>
    <a label="s" ref="wn_n104">
        <fs>
            <f name="path" value="file:/e:/anc2/OANC/data/written_1/fiction/eggan/TheStory.anc"/>
            <f name="orig-start" value="307781"/>
            <f name="orig-end" value="307936"/>
        </fs>
    </a>
    <node xml:id="wn_n105">
        <link targets="wn_r105"/>
    </node>
    <a label="s" ref="wn_n105">
        <fs>
            <f name="path" value="file:/e:/anc2/OANC/data/written_1/journal/slate/11/Article247_3407.anc"/>
            <f name="orig-start" value="2895"/>
            <f name="orig-end" value="2920"/>
        </fs>
    </a>
    <node xml:id="wn_n106">
        <link targets="wn_r106"/>
    </node>
    <a label="s" ref="wn_n106">
        <fs>
            <f name="path" value="file:/e:/anc2/OANC/data/written_1/journal/slate/15/Article247_3867.anc"/>
            <f name="orig-start" value="3859"/>
            <f name="orig-end" value="3989"/>
        </fs>
    </a>
    <node xml:id="wn_n107">
        <link targets="wn_r107"/>
    </node>
    <a label="s" ref="wn_n107">
        <fs>
            <f name="path" value="file:/e:/anc2/OANC/data/written_1/journal/slate/16/Article247_3928.anc"/>
            <f name="orig-start" value="2409"/>
            <f name="orig-end" value="2523"/>
        </fs>
    </a>
    <node xml:id="wn_n108">
        <link targets="wn_r108"/>
    </node>
    <a label="s" ref="wn_n108">
        <fs>
            <f name="path" value="file:/e:/anc2/OANC/data/written_1/journal/slate/17/Article247_4035.anc"/>
            <f name="orig-start" value="5395"/>
            <f name="orig-end" value="5669"/>
        </fs>
    </a>
    <node xml:id="wn_n109">
        <link targets="wn_r109"/>
    </node>
    <a label="s" ref="wn_n109">
        <fs>
            <f name="path" value="file:/e:/anc2/OANC/data/written_1/journal/slate/22/ArticleIP_1084.anc"/>
            <f name="orig-start" value="559"/>
            <f name="orig-end" value="687"/>
        </fs>
    </a>
    <node xml:id="wn_n11">
        <link targets="wn_r11"/>
    </node>
    <a label="s" ref="wn_n11">
        <fs>
            <f name="path" value="file:/e:/anc2/OANC/data/written_2/travel_guides/berlitz1/WhereToMalaysia.anc"/>
            <f name="orig-start" value="21173"/>
            <f name="orig-end" value="21355"/>
        </fs>
    </a>
    <node xml:id="wn_n110">
        <link targets="wn_r110"/>
    </node>
    <a label="s" ref="wn_n110">
        <fs>
            <f name="path" value="file:/e:/anc2/OANC/data/written_1/journal/slate/23/ArticleIP_1176.anc"/>
            <f name="orig-start" value="1337"/>
            <f name="orig-end" value="1505"/>
        </fs>
    </a>
    <node xml:id="wn_n111">
        <link targets="wn_r111"/>
    </node>
    <a label="s" ref="wn_n111">
        <fs>
            <f name="path" value="file:/e:/anc2/OANC/data/written_1/journal/slate/23/ArticleIP_1178.anc"/>
            <f name="orig-start" value="2136"/>
            <f name="orig-end" value="2197"/>
        </fs>
    </a>
    <node xml:id="wn_n112">
        <link targets="wn_r112"/>
    </node>
    <a label="s" ref="wn_n112">
        <fs>
            <f name="path" value="file:/e:/anc2/OANC/data/written_1/journal/slate/23/ArticleIP_1179.anc"/>
            <f name="orig-start" value="8573"/>
            <f name="orig-end" value="8634"/>
        </fs>
    </a>
    <node xml:id="wn_n113">
        <link targets="wn_r113"/>
    </node>
    <a label="s" ref="wn_n113">
        <fs>
            <f name="path" value="file:/e:/anc2/OANC/data/written_1/journal/slate/24/ArticleIP_1247.anc"/>
            <f name="orig-start" value="3980"/>
            <f name="orig-end" value="4108"/>
        </fs>
    </a>
    <node xml:id="wn_n114">
        <link targets="wn_r114"/>
    </node>
    <a label="s" ref="wn_n114">
        <fs>
            <f name="path" value="file:/e:/anc2/OANC/data/written_1/journal/slate/24/ArticleIP_1292.anc"/>
            <f name="orig-start" value="4395"/>
            <f name="orig-end" value="4805"/>
        </fs>
    </a>
    <node xml:id="wn_n115">
        <link targets="wn_r115"/>
    </node>
    <a label="s" ref="wn_n115">
        <fs>
            <f name="path" value="file:/e:/anc2/OANC/data/written_1/journal/slate/25/ArticleIP_1332.anc"/>
            <f name="orig-start" value="3392"/>
            <f name="orig-end" value="3522"/>
        </fs>
    </a>
    <node xml:id="wn_n116">
        <link targets="wn_r116"/>
    </node>
    <a label="s" ref="wn_n116">
        <fs>
            <f name="path" value="file:/e:/anc2/OANC/data/written_1/journal/slate/25/ArticleIP_1333.anc"/>
            <f name="orig-start" value="367"/>
            <f name="orig-end" value="551"/>
        </fs>
    </a>
    <node xml:id="wn_n117">
        <link targets="wn_r117"/>
    </node>
    <a label="s" ref="wn_n117">
        <fs>
            <f name="path" value="file:/e:/anc2/OANC/data/written_1/journal/slate/25/ArticleIP_1337.anc"/>
            <f name="orig-start" value="3893"/>
            <f name="orig-end" value="4312"/>
        </fs>
    </a>
    <node xml:id="wn_n118">
        <link targets="wn_r118"/>
    </node>
    <a label="s" ref="wn_n118">
        <fs>
            <f name="path" value="file:/e:/anc2/OANC/data/written_1/journal/slate/25/ArticleIP_1347.anc"/>
            <f name="orig-start" value="2373"/>
            <f name="orig-end" value="2656"/>
        </fs>
    </a>
    <node xml:id="wn_n119">
        <link targets="wn_r119"/>
    </node>
    <a label="s" ref="wn_n119">
        <fs>
            <f name="path" value="file:/e:/anc2/OANC/data/written_1/journal/slate/25/ArticleIP_1397.anc"/>
            <f name="orig-start" value="9481"/>
            <f name="orig-end" value="9662"/>
        </fs>
    </a>
    <node xml:id="wn_n12">
        <link targets="wn_r12"/>
    </node>
    <a label="s" ref="wn_n12">
        <fs>
            <f name="path" value="file:/e:/anc2/OANC/data/written_2/travel_guides/berlitz2/Athens-History.anc"/>
            <f name="orig-start" value="1797"/>
            <f name="orig-end" value="1913"/>
        </fs>
    </a>
    <node xml:id="wn_n120">
        <link targets="wn_r120"/>
    </node>
    <a label="s" ref="wn_n120">
        <fs>
            <f name="path" value="file:/e:/anc2/OANC/data/written_1/journal/slate/26/ArticleIP_1407.anc"/>
            <f name="orig-start" value="9227"/>
            <f name="orig-end" value="9455"/>
        </fs>
    </a>
    <node xml:id="wn_n121">
        <link targets="wn_r121"/>
    </node>
    <a label="s" ref="wn_n121">
        <fs>
            <f name="path" value="file:/e:/anc2/OANC/data/written_1/journal/slate/26/ArticleIP_1433.anc"/>
            <f name="orig-start" value="1541"/>
            <f name="orig-end" value="1846"/>
        </fs>
    </a>
    <node xml:id="wn_n122">
        <link targets="wn_r122"/>
    </node>
    <a label="s" ref="wn_n122">
        <fs>
            <f name="path" value="file:/e:/anc2/OANC/data/written_1/journal/slate/28/ArticleIP_1633.anc"/>
            <f name="orig-start" value="264"/>
            <f name="orig-end" value="344"/>
        </fs>
    </a>
    <node xml:id="wn_n123">
        <link targets="wn_r123"/>
    </node>
    <a label="s" ref="wn_n123">
        <fs>
            <f name="path" value="file:/e:/anc2/OANC/data/written_1/journal/slate/3/Article247_419.anc"/>
            <f name="orig-start" value="3236"/>
            <f name="orig-end" value="3367"/>
        </fs>
    </a>
    <node xml:id="wn_n124">
        <link targets="wn_r124"/>
    </node>
    <a label="s" ref="wn_n124">
        <fs>
            <f name="path" value="file:/e:/anc2/OANC/data/written_1/journal/slate/30/ArticleIP_1844.anc"/>
            <f name="orig-start" value="5321"/>
            <f name="orig-end" value="5344"/>
        </fs>
    </a>
    <node xml:id="wn_n125">
        <link targets="wn_r125"/>
    </node>
    <a label="s" ref="wn_n125">
        <fs>
            <f name="path" value="file:/e:/anc2/OANC/data/written_1/journal/slate/30/ArticleIP_1856.anc"/>
            <f name="orig-start" value="2233"/>
            <f name="orig-end" value="2390"/>
        </fs>
    </a>
    <node xml:id="wn_n126">
        <link targets="wn_r126"/>
    </node>
    <a label="s" ref="wn_n126">
        <fs>
            <f name="path" value="file:/e:/anc2/OANC/data/written_1/journal/slate/30/ArticleIP_1874.anc"/>
            <f name="orig-start" value="6060"/>
            <f name="orig-end" value="6123"/>
        </fs>
    </a>
    <node xml:id="wn_n127">
        <link targets="wn_r127"/>
    </node>
    <a label="s" ref="wn_n127">
        <fs>
            <f name="path" value="file:/e:/anc2/OANC/data/written_1/journal/slate/34/ArticleIP_2208.anc"/>
            <f name="orig-start" value="179"/>
            <f name="orig-end" value="323"/>
        </fs>
    </a>
    <node xml:id="wn_n128">
        <link targets="wn_r128"/>
    </node>
    <a label="s" ref="wn_n128">
        <fs>
            <f name="path" value="file:/e:/anc2/OANC/data/written_1/journal/slate/34/ArticleIP_2251.anc"/>
            <f name="orig-start" value="13512"/>
            <f name="orig-end" value="13775"/>
        </fs>
    </a>
    <node xml:id="wn_n129">
        <link targets="wn_r129"/>
    </node>
    <a label="s" ref="wn_n129">
        <fs>
            <f name="path" value="file:/e:/anc2/OANC/data/written_1/journal/slate/36/ArticleIP_2445.anc"/>
            <f name="orig-start" value="3180"/>
            <f name="orig-end" value="3448"/>
        </fs>
    </a>
    <node xml:id="wn_n13">
        <link targets="wn_r13"/>
    </node>
    <a label="s" ref="wn_n13">
        <fs>
            <f name="path" value="file:/e:/anc2/OANC/data/written_2/travel_guides/berlitz2/Bali-WhereToGo.anc"/>
            <f name="orig-start" value="19635"/>
            <f name="orig-end" value="19853"/>
        </fs>
    </a>
    <node xml:id="wn_n130">
        <link targets="wn_r130"/>
    </node>
    <a label="s" ref="wn_n130">
        <fs>
            <f name="path" value="file:/e:/anc2/OANC/data/written_1/journal/slate/37/ArticleIP_2552.anc"/>
            <f name="orig-start" value="290"/>
            <f name="orig-end" value="390"/>
        </fs>
    </a>
    <node xml:id="wn_n131">
        <link targets="wn_r131"/>
    </node>
    <a label="s" ref="wn_n131">
        <fs>
            <f name="path" value="file:/e:/anc2/OANC/data/written_1/journal/slate/37/ArticleIP_2583.anc"/>
            <f name="orig-start" value="2290"/>
            <f name="orig-end" value="2385"/>
        </fs>
    </a>
    <node xml:id="wn_n132">
        <link targets="wn_r132"/>
    </node>
    <a label="s" ref="wn_n132">
        <fs>
            <f name="path" value="file:/e:/anc2/OANC/data/written_1/journal/slate/38/ArticleIP_2631.anc"/>
            <f name="orig-start" value="4290"/>
            <f name="orig-end" value="4449"/>
        </fs>
    </a>
    <node xml:id="wn_n133">
        <link targets="wn_r133"/>
    </node>
    <a label="s" ref="wn_n133">
        <fs>
            <f name="path" value="file:/e:/anc2/OANC/data/written_1/journal/slate/38/ArticleIP_2631.anc"/>
            <f name="orig-start" value="6349"/>
            <f name="orig-end" value="6682"/>
        </fs>
    </a>
    <node xml:id="wn_n134">
        <link targets="wn_r134"/>
    </node>
    <a label="s" ref="wn_n134">
        <fs>
            <f name="path" value="file:/e:/anc2/OANC/data/written_1/journal/slate/38/ArticleIP_2648.anc"/>
            <f name="orig-start" value="211"/>
            <f name="orig-end" value="499"/>
        </fs>
    </a>
    <node xml:id="wn_n135">
        <link targets="wn_r135"/>
    </node>
    <a label="s" ref="wn_n135">
        <fs>
            <f name="path" value="file:/e:/anc2/OANC/data/written_1/journal/slate/38/ArticleIP_2648.anc"/>
            <f name="orig-start" value="1685"/>
            <f name="orig-end" value="1808"/>
        </fs>
    </a>
    <node xml:id="wn_n136">
        <link targets="wn_r136"/>
    </node>
    <a label="s" ref="wn_n136">
        <fs>
            <f name="path" value="file:/e:/anc2/OANC/data/written_1/journal/slate/40/ArticleIP_2956.anc"/>
            <f name="orig-start" value="6931"/>
            <f name="orig-end" value="7085"/>
        </fs>
    </a>
    <node xml:id="wn_n137">
        <link targets="wn_r137"/>
    </node>
    <a label="s" ref="wn_n137">
        <fs>
            <f name="path" value="file:/e:/anc2/OANC/data/written_1/journal/slate/41/ArticleIP_3066.anc"/>
            <f name="orig-start" value="10255"/>
            <f name="orig-end" value="10436"/>
        </fs>
    </a>
    <node xml:id="wn_n138">
        <link targets="wn_r138"/>
    </node>
    <a label="s" ref="wn_n138">
        <fs>
            <f name="path" value="file:/e:/anc2/OANC/data/written_1/journal/slate/43/ArticleIP_3253.anc"/>
            <f name="orig-start" value="61"/>
            <f name="orig-end" value="185"/>
        </fs>
    </a>
    <node xml:id="wn_n139">
        <link targets="wn_r139"/>
    </node>
    <a label="s" ref="wn_n139">
        <fs>
            <f name="path" value="file:/e:/anc2/OANC/data/written_1/journal/slate/44/ArticleIP_3460.anc"/>
            <f name="orig-start" value="2399"/>
            <f name="orig-end" value="2481"/>
        </fs>
    </a>
    <node xml:id="wn_n14">
        <link targets="wn_r14"/>
    </node>
    <a label="s" ref="wn_n14">
        <fs>
            <f name="path" value="file:/e:/anc2/OANC/data/written_2/travel_guides/berlitz2/Boston-WhereToGo.anc"/>
            <f name="orig-start" value="15621"/>
            <f name="orig-end" value="15690"/>
        </fs>
    </a>
    <node xml:id="wn_n140">
        <link targets="wn_r140"/>
    </node>
    <a label="s" ref="wn_n140">
        <fs>
            <f name="path" value="file:/e:/anc2/OANC/data/written_1/journal/slate/45/ArticleIP_3590.anc"/>
            <f name="orig-start" value="2258"/>
            <f name="orig-end" value="2428"/>
        </fs>
    </a>
    <node xml:id="wn_n141">
        <link targets="wn_r141"/>
    </node>
    <a label="s" ref="wn_n141">
        <fs>
            <f name="path" value="file:/e:/anc2/OANC/data/written_1/journal/slate/49/ArticleIP_11242.anc"/>
            <f name="orig-start" value="5598"/>
            <f name="orig-end" value="5739"/>
        </fs>
    </a>
    <node xml:id="wn_n142">
        <link targets="wn_r142"/>
    </node>
    <a label="s" ref="wn_n142">
        <fs>
            <f name="path" value="file:/e:/anc2/OANC/data/written_1/journal/slate/49/ArticleIP_11653.anc"/>
            <f name="orig-start" value="111"/>
            <f name="orig-end" value="176"/>
        </fs>
    </a>
    <node xml:id="wn_n143">
        <link targets="wn_r143"/>
    </node>
    <a label="s" ref="wn_n143">
        <fs>
            <f name="path" value="file:/e:/anc2/OANC/data/written_1/journal/slate/49/ArticleIP_14132.anc"/>
            <f name="orig-start" value="561"/>
            <f name="orig-end" value="656"/>
        </fs>
    </a>
    <node xml:id="wn_n144">
        <link targets="wn_r144"/>
    </node>
    <a label="s" ref="wn_n144">
        <fs>
            <f name="path" value="file:/e:/anc2/OANC/data/written_1/journal/slate/49/ArticleIP_18121.anc"/>
            <f name="orig-start" value="1556"/>
            <f name="orig-end" value="1775"/>
        </fs>
    </a>
    <node xml:id="wn_n145">
        <link targets="wn_r145"/>
    </node>
    <a label="s" ref="wn_n145">
        <fs>
            <f name="path" value="file:/e:/anc2/OANC/data/written_1/journal/slate/5/Article247_607.anc"/>
            <f name="orig-start" value="4999"/>
            <f name="orig-end" value="5208"/>
        </fs>
    </a>
    <node xml:id="wn_n146">
        <link targets="wn_r146"/>
    </node>
    <a label="s" ref="wn_n146">
        <fs>
            <f name="path" value="file:/e:/anc2/OANC/data/written_1/journal/slate/50/ArticleIP_21016.anc"/>
            <f name="orig-start" value="6459"/>
            <f name="orig-end" value="6638"/>
        </fs>
    </a>
    <node xml:id="wn_n147">
        <link targets="wn_r147"/>
    </node>
    <a label="s" ref="wn_n147">
        <fs>
            <f name="path" value="file:/e:/anc2/OANC/data/written_1/journal/slate/50/ArticleIP_21210.anc"/>
            <f name="orig-start" value="7051"/>
            <f name="orig-end" value="7192"/>
        </fs>
    </a>
    <node xml:id="wn_n148">
        <link targets="wn_r148"/>
    </node>
    <a label="s" ref="wn_n148">
        <fs>
            <f name="path" value="file:/e:/anc2/OANC/data/written_1/journal/slate/50/ArticleIP_26397.anc"/>
            <f name="orig-start" value="247"/>
            <f name="orig-end" value="503"/>
        </fs>
    </a>
    <node xml:id="wn_n149">
        <link targets="wn_r149"/>
    </node>
    <a label="s" ref="wn_n149">
        <fs>
            <f name="path" value="file:/e:/anc2/OANC/data/written_1/journal/slate/50/ArticleIP_27103.anc"/>
            <f name="orig-start" value="6707"/>
            <f name="orig-end" value="6859"/>
        </fs>
    </a>
    <node xml:id="wn_n15">
        <link targets="wn_r15"/>
    </node>
    <a label="s" ref="wn_n15">
        <fs>
            <f name="path" value="file:/e:/anc2/OANC/data/written_2/travel_guides/berlitz2/CanaryIslands-WhereToGo.anc"/>
            <f name="orig-start" value="22200"/>
            <f name="orig-end" value="22402"/>
        </fs>
    </a>
    <node xml:id="wn_n150">
        <link targets="wn_r150"/>
    </node>
    <a label="s" ref="wn_n150">
        <fs>
            <f name="path" value="file:/e:/anc2/OANC/data/written_1/journal/slate/50/ArticleIP_28894.anc"/>
            <f name="orig-start" value="6226"/>
            <f name="orig-end" value="6423"/>
        </fs>
    </a>
    <node xml:id="wn_n151">
        <link targets="wn_r151"/>
    </node>
    <a label="s" ref="wn_n151">
        <fs>
            <f name="path" value="file:/e:/anc2/OANC/data/written_1/journal/slate/50/ArticleIP_29778.anc"/>
            <f name="orig-start" value="233"/>
            <f name="orig-end" value="367"/>
        </fs>
    </a>
    <node xml:id="wn_n152">
        <link targets="wn_r152"/>
    </node>
    <a label="s" ref="wn_n152">
        <fs>
            <f name="path" value="file:/e:/anc2/OANC/data/written_1/journal/slate/51/ArticleIP_32173.anc"/>
            <f name="orig-start" value="81"/>
            <f name="orig-end" value="308"/>
        </fs>
    </a>
    <node xml:id="wn_n153">
        <link targets="wn_r153"/>
    </node>
    <a label="s" ref="wn_n153">
        <fs>
            <f name="path" value="file:/e:/anc2/OANC/data/written_1/journal/slate/51/ArticleIP_32290.anc"/>
            <f name="orig-start" value="1682"/>
            <f name="orig-end" value="1840"/>
        </fs>
    </a>
    <node xml:id="wn_n154">
        <link targets="wn_r154"/>
    </node>
    <a label="s" ref="wn_n154">
        <fs>
            <f name="path" value="file:/e:/anc2/OANC/data/written_1/journal/slate/51/ArticleIP_33225.anc"/>
            <f name="orig-start" value="836"/>
            <f name="orig-end" value="1019"/>
        </fs>
    </a>
    <node xml:id="wn_n155">
        <link targets="wn_r155"/>
    </node>
    <a label="s" ref="wn_n155">
        <fs>
            <f name="path" value="file:/e:/anc2/OANC/data/written_1/journal/slate/51/ArticleIP_33484.anc"/>
            <f name="orig-start" value="6154"/>
            <f name="orig-end" value="6325"/>
        </fs>
    </a>
    <node xml:id="wn_n156">
        <link targets="wn_r156"/>
    </node>
    <a label="s" ref="wn_n156">
        <fs>
            <f name="path" value="file:/e:/anc2/OANC/data/written_1/journal/slate/51/ArticleIP_33556.anc"/>
            <f name="orig-start" value="370"/>
            <f name="orig-end" value="605"/>
        </fs>
    </a>
    <node xml:id="wn_n157">
        <link targets="wn_r157"/>
    </node>
    <a label="s" ref="wn_n157">
        <fs>
            <f name="path" value="file:/e:/anc2/OANC/data/written_1/journal/slate/53/ArticleIP_56271.anc"/>
            <f name="orig-start" value="646"/>
            <f name="orig-end" value="758"/>
        </fs>
    </a>
    <node xml:id="wn_n158">
        <link targets="wn_r158"/>
    </node>
    <a label="s" ref="wn_n158">
        <fs>
            <f name="path" value="file:/e:/anc2/OANC/data/written_1/journal/slate/54/ArticleIP_64567.anc"/>
            <f name="orig-start" value="4641"/>
            <f name="orig-end" value="5017"/>
        </fs>
    </a>
    <node xml:id="wn_n159">
        <link targets="wn_r159"/>
    </node>
    <a label="s" ref="wn_n159">
        <fs>
            <f name="path" value="file:/e:/anc2/OANC/data/written_1/journal/slate/55/ArticleIP_73250.anc"/>
            <f name="orig-start" value="573"/>
            <f name="orig-end" value="857"/>
        </fs>
    </a>
    <node xml:id="wn_n16">
        <link targets="wn_r16"/>
    </node>
    <a label="s" ref="wn_n16">
        <fs>
            <f name="path" value="file:/e:/anc2/OANC/data/written_2/travel_guides/berlitz2/China-WhereToGo.anc"/>
            <f name="orig-start" value="106325"/>
            <f name="orig-end" value="106459"/>
        </fs>
    </a>
    <node xml:id="wn_n160">
        <link targets="wn_r160"/>
    </node>
    <a label="s" ref="wn_n160">
        <fs>
            <f name="path" value="file:/e:/anc2/OANC/data/written_1/journal/slate/55/ArticleIP_73250.anc"/>
            <f name="orig-start" value="5620"/>
            <f name="orig-end" value="5811"/>
        </fs>
    </a>
    <node xml:id="wn_n161">
        <link targets="wn_r161"/>
    </node>
    <a label="s" ref="wn_n161">
        <fs>
            <f name="path" value="file:/e:/anc2/OANC/data/written_1/journal/slate/8/Article247_928.anc"/>
            <f name="orig-start" value="3390"/>
            <f name="orig-end" value="3503"/>
        </fs>
    </a>
    <node xml:id="wn_n162">
        <link targets="wn_r162"/>
    </node>
    <a label="s" ref="wn_n162">
        <fs>
            <f name="path" value="file:/e:/anc2/OANC/data/written_1/journal/verbatim/VOL16_4.anc"/>
            <f name="orig-start" value="21858"/>
            <f name="orig-end" value="22070"/>
        </fs>
    </a>
    <node xml:id="wn_n163">
        <link targets="wn_r163"/>
    </node>
    <a label="s" ref="wn_n163">
        <fs>
            <f name="path" value="file:/e:/anc2/OANC/data/written_1/journal/verbatim/VOL23_1.anc"/>
            <f name="orig-start" value="21557"/>
            <f name="orig-end" value="21710"/>
        </fs>
    </a>
    <node xml:id="wn_n17">
        <link targets="wn_r17"/>
    </node>
    <a label="s" ref="wn_n17">
        <fs>
            <f name="path" value="file:/e:/anc2/OANC/data/written_2/travel_guides/berlitz2/China-WhereToGo.anc"/>
            <f name="orig-start" value="142304"/>
            <f name="orig-end" value="142643"/>
        </fs>
    </a>
    <node xml:id="wn_n18">
        <link targets="wn_r18"/>
    </node>
    <a label="s" ref="wn_n18">
        <fs>
            <f name="path" value="file:/e:/anc2/OANC/data/written_2/travel_guides/berlitz2/Cuba-History.anc"/>
            <f name="orig-start" value="5341"/>
            <f name="orig-end" value="5497"/>
        </fs>
    </a>
    <node xml:id="wn_n19">
        <link targets="wn_r19"/>
    </node>
    <a label="s" ref="wn_n19">
        <fs>
            <f name="path" value="file:/e:/anc2/OANC/data/written_2/travel_guides/berlitz2/Cuba-WhereToGo.anc"/>
            <f name="orig-start" value="63865"/>
            <f name="orig-end" value="63996"/>
        </fs>
    </a>
    <node xml:id="wn_n2">
        <link targets="wn_r2"/>
    </node>
    <a label="s" ref="wn_n2">
        <fs>
            <f name="path" value="file:/e:/anc2/OANC/data/written_2/travel_guides/berlitz1/HistoryIndia.anc"/>
            <f name="orig-start" value="24075"/>
            <f name="orig-end" value="24243"/>
        </fs>
    </a>
    <node xml:id="wn_n20">
        <link targets="wn_r20"/>
    </node>
    <a label="s" ref="wn_n20">
        <fs>
            <f name="path" value="file:/e:/anc2/OANC/data/written_1/journal/slate/10/Article247_3321.anc"/>
            <f name="orig-start" value="83"/>
            <f name="orig-end" value="309"/>
        </fs>
    </a>
    <node xml:id="wn_n21">
        <link targets="wn_r21"/>
    </node>
    <a label="s" ref="wn_n21">
        <fs>
            <f name="path" value="file:/e:/anc2/OANC/data/written_1/journal/slate/18/Article247_4170.anc"/>
            <f name="orig-start" value="594"/>
            <f name="orig-end" value="657"/>
        </fs>
    </a>
    <node xml:id="wn_n22">
        <link targets="wn_r22"/>
    </node>
    <a label="s" ref="wn_n22">
        <fs>
            <f name="path" value="file:/e:/anc2/OANC/data/written_1/journal/slate/24/ArticleIP_1224.anc"/>
            <f name="orig-start" value="6472"/>
            <f name="orig-end" value="6674"/>
        </fs>
    </a>
    <node xml:id="wn_n23">
        <link targets="wn_r23"/>
    </node>
    <a label="s" ref="wn_n23">
        <fs>
            <f name="path" value="file:/e:/anc2/OANC/data/written_1/journal/slate/24/ArticleIP_1288.anc"/>
            <f name="orig-start" value="2819"/>
            <f name="orig-end" value="2946"/>
        </fs>
    </a>
    <node xml:id="wn_n24">
        <link targets="wn_r24"/>
    </node>
    <a label="s" ref="wn_n24">
        <fs>
            <f name="path" value="file:/e:/anc2/OANC/data/written_1/journal/slate/27/ArticleIP_1597.anc"/>
            <f name="orig-start" value="343"/>
            <f name="orig-end" value="386"/>
        </fs>
    </a>
    <node xml:id="wn_n25">
        <link targets="wn_r25"/>
    </node>
    <a label="s" ref="wn_n25">
        <fs>
            <f name="path" value="file:/e:/anc2/OANC/data/written_1/journal/slate/30/ArticleIP_1817.anc"/>
            <f name="orig-start" value="2085"/>
            <f name="orig-end" value="2248"/>
        </fs>
    </a>
    <node xml:id="wn_n26">
        <link targets="wn_r26"/>
    </node>
    <a label="s" ref="wn_n26">
        <fs>
            <f name="path" value="file:/e:/anc2/OANC/data/written_1/journal/slate/30/ArticleIP_1853.anc"/>
            <f name="orig-start" value="1394"/>
            <f name="orig-end" value="1480"/>
        </fs>
    </a>
    <node xml:id="wn_n27">
        <link targets="wn_r27"/>
    </node>
    <a label="s" ref="wn_n27">
        <fs>
            <f name="path" value="file:/e:/anc2/OANC/data/written_1/journal/slate/30/ArticleIP_1856.anc"/>
            <f name="orig-start" value="5807"/>
            <f name="orig-end" value="5859"/>
        </fs>
    </a>
    <node xml:id="wn_n28">
        <link targets="wn_r28"/>
    </node>
    <a label="s" ref="wn_n28">
        <fs>
            <f name="path" value="file:/e:/anc2/OANC/data/written_1/journal/slate/33/ArticleIP_2162.anc"/>
            <f name="orig-start" value="9831"/>
            <f name="orig-end" value="9945"/>
        </fs>
    </a>
    <node xml:id="wn_n29">
        <link targets="wn_r29"/>
    </node>
    <a label="s" ref="wn_n29">
        <fs>
            <f name="path" value="file:/e:/anc2/OANC/data/written_1/journal/slate/34/ArticleIP_2261.anc"/>
            <f name="orig-start" value="4944"/>
            <f name="orig-end" value="5226"/>
        </fs>
    </a>
    <node xml:id="wn_n3">
        <link targets="wn_r3"/>
    </node>
    <a label="s" ref="wn_n3">
        <fs>
            <f name="path" value="file:/e:/anc2/OANC/data/written_2/travel_guides/berlitz1/IntroItaly.anc"/>
            <f name="orig-start" value="1859"/>
            <f name="orig-end" value="1942"/>
        </fs>
    </a>
    <node xml:id="wn_n30">
        <link targets="wn_r30"/>
    </node>
    <a label="s" ref="wn_n30">
        <fs>
            <f name="path" value="file:/e:/anc2/OANC/data/written_1/journal/slate/35/ArticleIP_2312.anc"/>
            <f name="orig-start" value="388"/>
            <f name="orig-end" value="558"/>
        </fs>
    </a>
    <node xml:id="wn_n31">
        <link targets="wn_r31"/>
    </node>
    <a label="s" ref="wn_n31">
        <fs>
            <f name="path" value="file:/e:/anc2/OANC/data/written_1/journal/slate/36/ArticleIP_2408.anc"/>
            <f name="orig-start" value="1044"/>
            <f name="orig-end" value="1154"/>
        </fs>
    </a>
    <node xml:id="wn_n32">
        <link targets="wn_r32"/>
    </node>
    <a label="s" ref="wn_n32">
        <fs>
            <f name="path" value="file:/e:/anc2/OANC/data/written_1/journal/slate/38/ArticleIP_2650.anc"/>
            <f name="orig-start" value="336"/>
            <f name="orig-end" value="562"/>
        </fs>
    </a>
    <node xml:id="wn_n33">
        <link targets="wn_r33"/>
    </node>
    <a label="s" ref="wn_n33">
        <fs>
            <f name="path" value="file:/e:/anc2/OANC/data/written_1/journal/slate/40/ArticleIP_2915.anc"/>
            <f name="orig-start" value="70"/>
            <f name="orig-end" value="175"/>
        </fs>
    </a>
    <node xml:id="wn_n34">
        <link targets="wn_r34"/>
    </node>
    <a label="s" ref="wn_n34">
        <fs>
            <f name="path" value="file:/e:/anc2/OANC/data/written_1/journal/slate/42/ArticleIP_3131.anc"/>
            <f name="orig-start" value="5151"/>
            <f name="orig-end" value="5295"/>
        </fs>
    </a>
    <node xml:id="wn_n35">
        <link targets="wn_r35"/>
    </node>
    <a label="s" ref="wn_n35">
        <fs>
            <f name="path" value="file:/e:/anc2/OANC/data/written_1/journal/slate/42/ArticleIP_3137.anc"/>
            <f name="orig-start" value="238"/>
            <f name="orig-end" value="474"/>
        </fs>
    </a>
    <node xml:id="wn_n36">
        <link targets="wn_r36"/>
    </node>
    <a label="s" ref="wn_n36">
        <fs>
            <f name="path" value="file:/e:/anc2/OANC/data/written_1/journal/slate/45/ArticleIP_3595.anc"/>
            <f name="orig-start" value="1464"/>
            <f name="orig-end" value="1675"/>
        </fs>
    </a>
    <node xml:id="wn_n37">
        <link targets="wn_r37"/>
    </node>
    <a label="s" ref="wn_n37">
        <fs>
            <f name="path" value="file:/e:/anc2/OANC/data/written_1/journal/slate/46/ArticleIP_3852.anc"/>
            <f name="orig-start" value="10665"/>
            <f name="orig-end" value="11034"/>
        </fs>
    </a>
    <node xml:id="wn_n38">
        <link targets="wn_r38"/>
    </node>
    <a label="s" ref="wn_n38">
        <fs>
            <f name="path" value="file:/e:/anc2/OANC/data/written_1/journal/slate/47/ArticleIP_3948.anc"/>
            <f name="orig-start" value="3593"/>
            <f name="orig-end" value="3668"/>
        </fs>
    </a>
    <node xml:id="wn_n39">
        <link targets="wn_r39"/>
    </node>
    <a label="s" ref="wn_n39">
        <fs>
            <f name="path" value="file:/e:/anc2/OANC/data/written_1/journal/slate/49/ArticleIP_18546.anc"/>
            <f name="orig-start" value="4660"/>
            <f name="orig-end" value="4958"/>
        </fs>
    </a>
    <node xml:id="wn_n4">
        <link targets="wn_r4"/>
    </node>
    <a label="s" ref="wn_n4">
        <fs>
            <f name="path" value="file:/e:/anc2/OANC/data/written_2/travel_guides/berlitz1/IntroJapan.anc"/>
            <f name="orig-start" value="9865"/>
            <f name="orig-end" value="9988"/>
        </fs>
    </a>
    <node xml:id="wn_n40">
        <link targets="wn_r40"/>
    </node>
    <a label="s" ref="wn_n40">
        <fs>
            <f name="path" value="file:/e:/anc2/OANC/data/written_1/journal/slate/50/ArticleIP_23270.anc"/>
            <f name="orig-start" value="5283"/>
            <f name="orig-end" value="5736"/>
        </fs>
    </a>
    <node xml:id="wn_n41">
        <link targets="wn_r41"/>
    </node>
    <a label="s" ref="wn_n41">
        <fs>
            <f name="path" value="file:/e:/anc2/OANC/data/written_1/journal/slate/50/ArticleIP_28555.anc"/>
            <f name="orig-start" value="7407"/>
            <f name="orig-end" value="7560"/>
        </fs>
    </a>
    <node xml:id="wn_n42">
        <link targets="wn_r42"/>
    </node>
    <a label="s" ref="wn_n42">
        <fs>
            <f name="path" value="file:/e:/anc2/OANC/data/written_1/journal/slate/51/ArticleIP_30691.anc"/>
            <f name="orig-start" value="7699"/>
            <f name="orig-end" value="7842"/>
        </fs>
    </a>
    <node xml:id="wn_n43">
        <link targets="wn_r43"/>
    </node>
    <a label="s" ref="wn_n43">
        <fs>
            <f name="path" value="file:/e:/anc2/OANC/data/written_1/journal/slate/51/ArticleIP_32598.anc"/>
            <f name="orig-start" value="1147"/>
            <f name="orig-end" value="1328"/>
        </fs>
    </a>
    <node xml:id="wn_n44">
        <link targets="wn_r44"/>
    </node>
    <a label="s" ref="wn_n44">
        <fs>
            <f name="path" value="file:/e:/anc2/OANC/data/written_1/journal/slate/51/ArticleIP_32763.anc"/>
            <f name="orig-start" value="2513"/>
            <f name="orig-end" value="2769"/>
        </fs>
    </a>
    <node xml:id="wn_n45">
        <link targets="wn_r45"/>
    </node>
    <a label="s" ref="wn_n45">
        <fs>
            <f name="path" value="file:/e:/anc2/OANC/data/written_1/journal/slate/52/ArticleIP_43805.anc"/>
            <f name="orig-start" value="7268"/>
            <f name="orig-end" value="7575"/>
        </fs>
    </a>
    <node xml:id="wn_n46">
        <link targets="wn_r46"/>
    </node>
    <a label="s" ref="wn_n46">
        <fs>
            <f name="path" value="file:/e:/anc2/OANC/data/written_1/journal/slate/6/Article247_780.anc"/>
            <f name="orig-start" value="670"/>
            <f name="orig-end" value="834"/>
        </fs>
    </a>
    <node xml:id="wn_n47">
        <link targets="wn_r47"/>
    </node>
    <a label="s" ref="wn_n47">
        <fs>
            <f name="path" value="file:/e:/anc2/OANC/data/written_1/journal/verbatim/VOL18_4.anc"/>
            <f name="orig-start" value="24930"/>
            <f name="orig-end" value="25116"/>
        </fs>
    </a>
    <node xml:id="wn_n48">
        <link targets="wn_r48"/>
    </node>
    <a label="s" ref="wn_n48">
        <fs>
            <f name="path" value="file:/e:/anc2/OANC/data/written_1/journal/verbatim/VOL21_4.anc"/>
            <f name="orig-start" value="1395"/>
            <f name="orig-end" value="1480"/>
        </fs>
    </a>
    <node xml:id="wn_n49">
        <link targets="wn_r49"/>
    </node>
    <a label="s" ref="wn_n49">
        <fs>
            <f name="path" value="file:/e:/anc2/OANC/data/written_1/letters/icic/530C-L224.anc"/>
            <f name="orig-start" value="643"/>
            <f name="orig-end" value="699"/>
        </fs>
    </a>
    <node xml:id="wn_n5">
        <link targets="wn_r5"/>
    </node>
    <a label="s" ref="wn_n5">
        <fs>
            <f name="path" value="file:/e:/anc2/OANC/data/written_2/travel_guides/berlitz1/WhatToMallorca.anc"/>
            <f name="orig-start" value="5784"/>
            <f name="orig-end" value="5882"/>
        </fs>
    </a>
    <node xml:id="wn_n50">
        <link targets="wn_r50"/>
    </node>
    <a label="s" ref="wn_n50">
        <fs>
            <f name="path" value="file:/e:/anc2/OANC/data/written_2/non-fiction/OUP/Castro/chB.anc"/>
            <f name="orig-start" value="5113"/>
            <f name="orig-end" value="5240"/>
        </fs>
    </a>
    <node xml:id="wn_n51">
        <link targets="wn_r51"/>
    </node>
    <a label="s" ref="wn_n51">
        <fs>
            <f name="path" value="file:/e:/anc2/OANC/data/written_2/non-fiction/OUP/Castro/chL.anc"/>
            <f name="orig-start" value="5260"/>
            <f name="orig-end" value="5394"/>
        </fs>
    </a>
    <node xml:id="wn_n52">
        <link targets="wn_r52"/>
    </node>
    <a label="s" ref="wn_n52">
        <fs>
            <f name="path" value="file:/e:/anc2/OANC/data/written_2/non-fiction/OUP/Castro/chL.anc"/>
            <f name="orig-start" value="9232"/>
            <f name="orig-end" value="9317"/>
        </fs>
    </a>
    <node xml:id="wn_n53">
        <link targets="wn_r53"/>
    </node>
    <a label="s" ref="wn_n53">
        <fs>
            <f name="path" value="file:/e:/anc2/OANC/data/written_2/non-fiction/OUP/Castro/chV.anc"/>
            <f name="orig-start" value="4566"/>
            <f name="orig-end" value="4682"/>
        </fs>
    </a>
    <node xml:id="wn_n54">
        <link targets="wn_r54"/>
    </node>
    <a label="s" ref="wn_n54">
        <fs>
            <f name="path" value="file:/e:/anc2/OANC/data/written_2/non-fiction/OUP/Castro/chV.anc"/>
            <f name="orig-start" value="7013"/>
            <f name="orig-end" value="7168"/>
        </fs>
    </a>
    <node xml:id="wn_n55">
        <link targets="wn_r55"/>
    </node>
    <a label="s" ref="wn_n55">
        <fs>
            <f name="path" value="file:/e:/anc2/OANC/data/written_2/travel_guides/berlitz1/HistoryIndia.anc"/>
            <f name="orig-start" value="41292"/>
            <f name="orig-end" value="41530"/>
        </fs>
    </a>
    <node xml:id="wn_n56">
        <link targets="wn_r56"/>
    </node>
    <a label="s" ref="wn_n56">
        <fs>
            <f name="path" value="file:/e:/anc2/OANC/data/written_2/travel_guides/berlitz1/HistoryIsrael.anc"/>
            <f name="orig-start" value="4412"/>
            <f name="orig-end" value="4536"/>
        </fs>
    </a>
    <node xml:id="wn_n57">
        <link targets="wn_r57"/>
    </node>
    <a label="s" ref="wn_n57">
        <fs>
            <f name="path" value="file:/e:/anc2/OANC/data/written_2/travel_guides/berlitz1/HistoryIsrael.anc"/>
            <f name="orig-start" value="6985"/>
            <f name="orig-end" value="7103"/>
        </fs>
    </a>
    <node xml:id="wn_n58">
        <link targets="wn_r58"/>
    </node>
    <a label="s" ref="wn_n58">
        <fs>
            <f name="path" value="file:/e:/anc2/OANC/data/written_2/travel_guides/berlitz1/HistoryJapan.anc"/>
            <f name="orig-start" value="37083"/>
            <f name="orig-end" value="37154"/>
        </fs>
    </a>
    <node xml:id="wn_n59">
        <link targets="wn_r59"/>
    </node>
    <a label="s" ref="wn_n59">
        <fs>
            <f name="path" value="file:/e:/anc2/OANC/data/written_2/travel_guides/berlitz1/HistoryLasVegas.anc"/>
            <f name="orig-start" value="12560"/>
            <f name="orig-end" value="12770"/>
        </fs>
    </a>
    <node xml:id="wn_n6">
        <link targets="wn_r6"/>
    </node>
    <a label="s" ref="wn_n6">
        <fs>
            <f name="path" value="file:/e:/anc2/OANC/data/written_2/travel_guides/berlitz1/WhereToIndia.anc"/>
            <f name="orig-start" value="79431"/>
            <f name="orig-end" value="79566"/>
        </fs>
    </a>
    <node xml:id="wn_n60">
        <link targets="wn_r60"/>
    </node>
    <a label="s" ref="wn_n60">
        <fs>
            <f name="path" value="file:/e:/anc2/OANC/data/written_2/travel_guides/berlitz1/HistoryLasVegas.anc"/>
            <f name="orig-start" value="14173"/>
            <f name="orig-end" value="14258"/>
        </fs>
    </a>
    <node xml:id="wn_n61">
        <link targets="wn_r61"/>
    </node>
    <a label="s" ref="wn_n61">
        <fs>
            <f name="path" value="file:/e:/anc2/OANC/data/written_2/travel_guides/berlitz1/IntroDublin.anc"/>
            <f name="orig-start" value="4164"/>
            <f name="orig-end" value="4286"/>
        </fs>
    </a>
    <node xml:id="wn_n62">
        <link targets="wn_r62"/>
    </node>
    <a label="s" ref="wn_n62">
        <fs>
            <f name="path" value="file:/e:/anc2/OANC/data/written_2/travel_guides/berlitz1/IntroIndia.anc"/>
            <f name="orig-start" value="6894"/>
            <f name="orig-end" value="6975"/>
        </fs>
    </a>
    <node xml:id="wn_n63">
        <link targets="wn_r63"/>
    </node>
    <a label="s" ref="wn_n63">
        <fs>
            <f name="path" value="file:/e:/anc2/OANC/data/written_2/travel_guides/berlitz1/WhatToJamaica.anc"/>
            <f name="orig-start" value="32351"/>
            <f name="orig-end" value="32395"/>
        </fs>
    </a>
    <node xml:id="wn_n64">
        <link targets="wn_r64"/>
    </node>
    <a label="s" ref="wn_n64">
        <fs>
            <f name="path" value="file:/e:/anc2/OANC/data/written_2/travel_guides/berlitz1/WhatToJamaica.anc"/>
            <f name="orig-start" value="39678"/>
            <f name="orig-end" value="39806"/>
        </fs>
    </a>
    <node xml:id="wn_n65">
        <link targets="wn_r65"/>
    </node>
    <a label="s" ref="wn_n65">
        <fs>
            <f name="path" value="file:/e:/anc2/OANC/data/written_2/travel_guides/berlitz1/WhereToDublin.anc"/>
            <f name="orig-start" value="44457"/>
            <f name="orig-end" value="44611"/>
        </fs>
    </a>
    <node xml:id="wn_n66">
        <link targets="wn_r66"/>
    </node>
    <a label="s" ref="wn_n66">
        <fs>
            <f name="path" value="file:/e:/anc2/OANC/data/written_2/travel_guides/berlitz1/WhereToDublin.anc"/>
            <f name="orig-start" value="78321"/>
            <f name="orig-end" value="78467"/>
        </fs>
    </a>
    <node xml:id="wn_n67">
        <link targets="wn_r67"/>
    </node>
    <a label="s" ref="wn_n67">
        <fs>
            <f name="path" value="file:/e:/anc2/OANC/data/written_2/travel_guides/berlitz1/WhereToEdinburgh.anc"/>
            <f name="orig-start" value="34222"/>
            <f name="orig-end" value="34425"/>
        </fs>
    </a>
    <node xml:id="wn_n68">
        <link targets="wn_r68"/>
    </node>
    <a label="s" ref="wn_n68">
        <fs>
            <f name="path" value="file:/e:/anc2/OANC/data/written_2/travel_guides/berlitz1/WhereToFWI.anc"/>
            <f name="orig-start" value="29803"/>
            <f name="orig-end" value="29957"/>
        </fs>
    </a>
    <node xml:id="wn_n69">
        <link targets="wn_r69"/>
    </node>
    <a label="s" ref="wn_n69">
        <fs>
            <f name="path" value="file:/e:/anc2/OANC/data/written_2/travel_guides/berlitz1/WhereToIsrael.anc"/>
            <f name="orig-start" value="4881"/>
            <f name="orig-end" value="5013"/>
        </fs>
    </a>
    <node xml:id="wn_n7">
        <link targets="wn_r7"/>
    </node>
    <a label="s" ref="wn_n7">
        <fs>
            <f name="path" value="file:/e:/anc2/OANC/data/written_2/travel_guides/berlitz1/WhereToJapan.anc"/>
            <f name="orig-start" value="12223"/>
            <f name="orig-end" value="12387"/>
        </fs>
    </a>
    <node xml:id="wn_n70">
        <link targets="wn_r70"/>
    </node>
    <a label="s" ref="wn_n70">
        <fs>
            <f name="path" value="file:/e:/anc2/OANC/data/written_2/travel_guides/berlitz1/WhereToIstanbul.anc"/>
            <f name="orig-start" value="65557"/>
            <f name="orig-end" value="65723"/>
        </fs>
    </a>
    <node xml:id="wn_n71">
        <link targets="wn_r71"/>
    </node>
    <a label="s" ref="wn_n71">
        <fs>
            <f name="path" value="file:/e:/anc2/OANC/data/written_2/travel_guides/berlitz1/WhereToItaly.anc"/>
            <f name="orig-start" value="28700"/>
            <f name="orig-end" value="28915"/>
        </fs>
    </a>
    <node xml:id="wn_n72">
        <link targets="wn_r72"/>
    </node>
    <a label="s" ref="wn_n72">
        <fs>
            <f name="path" value="file:/e:/anc2/OANC/data/written_2/travel_guides/berlitz1/WhereToItaly.anc"/>
            <f name="orig-start" value="75650"/>
            <f name="orig-end" value="75831"/>
        </fs>
    </a>
    <node xml:id="wn_n73">
        <link targets="wn_r73"/>
    </node>
    <a label="s" ref="wn_n73">
        <fs>
            <f name="path" value="file:/e:/anc2/OANC/data/written_2/travel_guides/berlitz1/WhereToJapan.anc"/>
            <f name="orig-start" value="45384"/>
            <f name="orig-end" value="45475"/>
        </fs>
    </a>
    <node xml:id="wn_n74">
        <link targets="wn_r74"/>
    </node>
    <a label="s" ref="wn_n74">
        <fs>
            <f name="path" value="file:/e:/anc2/OANC/data/written_2/travel_guides/berlitz1/WhereToJapan.anc"/>
            <f name="orig-start" value="74451"/>
            <f name="orig-end" value="74638"/>
        </fs>
    </a>
    <node xml:id="wn_n75">
        <link targets="wn_r75"/>
    </node>
    <a label="s" ref="wn_n75">
        <fs>
            <f name="path" value="file:/e:/anc2/OANC/data/written_2/travel_guides/berlitz1/WhereToJerusalem.anc"/>
            <f name="orig-start" value="4702"/>
            <f name="orig-end" value="4911"/>
        </fs>
    </a>
    <node xml:id="wn_n76">
        <link targets="wn_r76"/>
    </node>
    <a label="s" ref="wn_n76">
        <fs>
            <f name="path" value="file:/e:/anc2/OANC/data/written_2/travel_guides/berlitz1/WhereToMadrid.anc"/>
            <f name="orig-start" value="41611"/>
            <f name="orig-end" value="41792"/>
        </fs>
    </a>
    <node xml:id="wn_n77">
        <link targets="wn_r77"/>
    </node>
    <a label="s" ref="wn_n77">
        <fs>
            <f name="path" value="file:/e:/anc2/OANC/data/written_2/travel_guides/berlitz1/WhereToMadrid.anc"/>
            <f name="orig-start" value="43628"/>
            <f name="orig-end" value="43772"/>
        </fs>
    </a>
    <node xml:id="wn_n78">
        <link targets="wn_r78"/>
    </node>
    <a label="s" ref="wn_n78">
        <fs>
            <f name="path" value="file:/e:/anc2/OANC/data/written_2/travel_guides/berlitz1/WhereToMalaysia.anc"/>
            <f name="orig-start" value="52889"/>
            <f name="orig-end" value="53102"/>
        </fs>
    </a>
    <node xml:id="wn_n79">
        <link targets="wn_r79"/>
    </node>
    <a label="s" ref="wn_n79">
        <fs>
            <f name="path" value="file:/e:/anc2/OANC/data/written_2/travel_guides/berlitz1/WhereToMalaysia.anc"/>
            <f name="orig-start" value="88966"/>
            <f name="orig-end" value="89186"/>
        </fs>
    </a>
    <node xml:id="wn_n8">
        <link targets="wn_r8"/>
    </node>
    <a label="s" ref="wn_n8">
        <fs>
            <f name="path" value="file:/e:/anc2/OANC/data/written_2/travel_guides/berlitz1/WhereToJapan.anc"/>
            <f name="orig-start" value="31317"/>
            <f name="orig-end" value="31484"/>
        </fs>
    </a>
    <node xml:id="wn_n80">
        <link targets="wn_r80"/>
    </node>
    <a label="s" ref="wn_n80">
        <fs>
            <f name="path" value="file:/e:/anc2/OANC/data/written_2/travel_guides/berlitz1/WhereToMalaysia.anc"/>
            <f name="orig-start" value="153137"/>
            <f name="orig-end" value="153252"/>
        </fs>
    </a>
    <node xml:id="wn_n81">
        <link targets="wn_r81"/>
    </node>
    <a label="s" ref="wn_n81">
        <fs>
            <f name="path" value="file:/e:/anc2/OANC/data/written_2/travel_guides/berlitz2/Algarve-Intro.anc"/>
            <f name="orig-start" value="4014"/>
            <f name="orig-end" value="4256"/>
        </fs>
    </a>
    <node xml:id="wn_n82">
        <link targets="wn_r82"/>
    </node>
    <a label="s" ref="wn_n82">
        <fs>
            <f name="path" value="file:/e:/anc2/OANC/data/written_2/travel_guides/berlitz2/Algarve-WhereToGo.anc"/>
            <f name="orig-start" value="21145"/>
            <f name="orig-end" value="21275"/>
        </fs>
    </a>
    <node xml:id="wn_n83">
        <link targets="wn_r83"/>
    </node>
    <a label="s" ref="wn_n83">
        <fs>
            <f name="path" value="file:/e:/anc2/OANC/data/written_2/travel_guides/berlitz2/Athens-History.anc"/>
            <f name="orig-start" value="2859"/>
            <f name="orig-end" value="3054"/>
        </fs>
    </a>
    <node xml:id="wn_n84">
        <link targets="wn_r84"/>
    </node>
    <a label="s" ref="wn_n84">
        <fs>
            <f name="path" value="file:/e:/anc2/OANC/data/written_2/travel_guides/berlitz2/Athens-WhereToGo.anc"/>
            <f name="orig-start" value="10412"/>
            <f name="orig-end" value="10545"/>
        </fs>
    </a>
    <node xml:id="wn_n85">
        <link targets="wn_r85"/>
    </node>
    <a label="s" ref="wn_n85">
        <fs>
            <f name="path" value="file:/e:/anc2/OANC/data/written_2/travel_guides/berlitz2/Athens-WhereToGo.anc"/>
            <f name="orig-start" value="28525"/>
            <f name="orig-end" value="28644"/>
        </fs>
    </a>
    <node xml:id="wn_n86">
        <link targets="wn_r86"/>
    </node>
    <a label="s" ref="wn_n86">
        <fs>
            <f name="path" value="file:/e:/anc2/OANC/data/written_2/travel_guides/berlitz2/Barcelona-History.anc"/>
            <f name="orig-start" value="1711"/>
            <f name="orig-end" value="1869"/>
        </fs>
    </a>
    <node xml:id="wn_n87">
        <link targets="wn_r87"/>
    </node>
    <a label="s" ref="wn_n87">
        <fs>
            <f name="path" value="file:/e:/anc2/OANC/data/written_2/travel_guides/berlitz2/Budapest-History.anc"/>
            <f name="orig-start" value="3055"/>
            <f name="orig-end" value="3320"/>
        </fs>
    </a>
    <node xml:id="wn_n88">
        <link targets="wn_r88"/>
    </node>
    <a label="s" ref="wn_n88">
        <fs>
            <f name="path" value="file:/e:/anc2/OANC/data/written_2/travel_guides/berlitz2/California-History.anc"/>
            <f name="orig-start" value="16638"/>
            <f name="orig-end" value="16800"/>
        </fs>
    </a>
    <node xml:id="wn_n89">
        <link targets="wn_r89"/>
    </node>
    <a label="s" ref="wn_n89">
        <fs>
            <f name="path" value="file:/e:/anc2/OANC/data/written_2/travel_guides/berlitz2/California-WhatToDo.anc"/>
            <f name="orig-start" value="1433"/>
            <f name="orig-end" value="1583"/>
        </fs>
    </a>
    <node xml:id="wn_n9">
        <link targets="wn_r9"/>
    </node>
    <a label="s" ref="wn_n9">
        <fs>
            <f name="path" value="file:/e:/anc2/OANC/data/written_2/travel_guides/berlitz1/WhereToJapan.anc"/>
            <f name="orig-start" value="89245"/>
            <f name="orig-end" value="89368"/>
        </fs>
    </a>
    <node xml:id="wn_n90">
        <link targets="wn_r90"/>
    </node>
    <a label="s" ref="wn_n90">
        <fs>
            <f name="path" value="file:/e:/anc2/OANC/data/written_2/travel_guides/berlitz2/Canada-WhereToGo.anc"/>
            <f name="orig-start" value="91313"/>
            <f name="orig-end" value="91456"/>
        </fs>
    </a>
    <node xml:id="wn_n91">
        <link targets="wn_r91"/>
    </node>
    <a label="s" ref="wn_n91">
        <fs>
            <f name="path" value="file:/e:/anc2/OANC/data/written_2/travel_guides/berlitz2/Canada-WhereToGo.anc"/>
            <f name="orig-start" value="181699"/>
            <f name="orig-end" value="181813"/>
        </fs>
    </a>
    <node xml:id="wn_n92">
        <link targets="wn_r92"/>
    </node>
    <a label="s" ref="wn_n92">
        <fs>
            <f name="path" value="file:/e:/anc2/OANC/data/written_2/travel_guides/berlitz2/China-History.anc"/>
            <f name="orig-start" value="13689"/>
            <f name="orig-end" value="13836"/>
        </fs>
    </a>
    <node xml:id="wn_n93">
        <link targets="wn_r93"/>
    </node>
    <a label="s" ref="wn_n93">
        <fs>
            <f name="path" value="file:/e:/anc2/OANC/data/written_2/travel_guides/berlitz2/China-WhatToDo.anc"/>
            <f name="orig-start" value="4345"/>
            <f name="orig-end" value="4483"/>
        </fs>
    </a>
    <node xml:id="wn_n94">
        <link targets="wn_r94"/>
    </node>
    <a label="s" ref="wn_n94">
        <fs>
            <f name="path" value="file:/e:/anc2/OANC/data/written_2/travel_guides/berlitz2/China-WhereToGo.anc"/>
            <f name="orig-start" value="1182"/>
            <f name="orig-end" value="1297"/>
        </fs>
    </a>
    <node xml:id="wn_n95">
        <link targets="wn_r95"/>
    </node>
    <a label="s" ref="wn_n95">
        <fs>
            <f name="path" value="file:/e:/anc2/OANC/data/written_2/travel_guides/berlitz2/China-WhereToGo.anc"/>
            <f name="orig-start" value="38897"/>
            <f name="orig-end" value="39047"/>
        </fs>
    </a>
    <node xml:id="wn_n96">
        <link targets="wn_r96"/>
    </node>
    <a label="s" ref="wn_n96">
        <fs>
            <f name="path" value="file:/e:/anc2/OANC/data/written_2/travel_guides/berlitz2/CstaBlanca-WhereToGo.anc"/>
            <f name="orig-start" value="4328"/>
            <f name="orig-end" value="4523"/>
        </fs>
    </a>
    <node xml:id="wn_n97">
        <link targets="wn_r97"/>
    </node>
    <a label="s" ref="wn_n97">
        <fs>
            <f name="path" value="file:/e:/anc2/OANC/data/written_2/travel_guides/berlitz2/Cuba-WhereToGo.anc"/>
            <f name="orig-start" value="74365"/>
            <f name="orig-end" value="74666"/>
        </fs>
    </a>
    <node xml:id="wn_n98">
        <link targets="wn_r98"/>
    </node>
    <a label="s" ref="wn_n98">
        <fs>
            <f name="path" value="file:/e:/anc2/OANC/data/written_2/travel_guides/berlitz2/Portugal-History.anc"/>
            <f name="orig-start" value="6342"/>
            <f name="orig-end" value="6577"/>
        </fs>
    </a>
    <node xml:id="wn_n99">
        <link targets="wn_r99"/>
    </node>
    <a label="s" ref="wn_n99">
        <fs>
            <f name="path" value="file:/e:/anc2/OANC/data/written_2/travel_guides/berlitz2/Portugal-WhatToDo.anc"/>
            <f name="orig-start" value="3260"/>
            <f name="orig-end" value="3421"/>
        </fs>
    </a>
</graph>
